source,target,score,matches
0,1,0.72999524,2
0,4,0.85176367,6
0,11,0.92474862,6
0,68,0.70812283,2
1,11,0.83841472,18
1,68,0.97543483,13
2,17,0.86193408,19
2,18,0.84394008,16
2,65,0.96344604,30
2,70,0.92031631,14
2,250,0.82566460,14
2,662,0.84839450,15
2,687,0.85324255,15
2,816,0.83522127,13
2,979,0.72979694,13
2,1153,0.78633550,14
2,1196,0.78651303,16
4,11,0.93263326,33
5,6,0.88768660,32
10,247,0.84003790,28
10,685,0.99747156,23
10,858,0.99459094,22
10,1214,0.92427119,10
10,1230,0.91335974,8
10,1296,0.90573295,10
11,68,0.83248462,20
12,277,0.96935352,28
12,611,0.88300202,25
12,732,0.92502038,25
13,14,0.73006443,37
17,18,0.94285886,41
17,65,0.84267736,25
17,70,0.86267378,35
17,155,0.86279922,37
17,220,0.89135263,34
17,250,0.92351583,34
17,662,0.95373624,35
17,687,0.95573425,40
17,816,0.95619602,36
17,979,0.81785936,33
17,1153,0.88713652,33
17,1196,0.89168372,36
18,65,0.79928604,20
18,70,0.81721567,28
18,155,0.80811828,24
18,220,0.83091239,25
18,250,0.96094705,30
18,662,0.97147100,31
18,687,0.97733386,33
18,816,0.96501558,33
18,979,0.83539425,29
18,1153,0.90384880,30
18,1196,0.90216213,33
24,621,0.71593508,7
24,1334,0.76564295,5
32,667,0.94933210,5
32,668,0.87897785,4
32,675,0.72457665,5
32,925,0.94671496,5
32,926,0.85517937,5
32,928,0.92640830,3
32,1164,0.92028383,4
32,1165,0.94579867,6
34,585,0.77037775,11
34,586,0.76681226,12
34,727,0.77145581,14
34,729,0.76745175,17
34,740,0.77034657,12
34,785,0.79442156,15
34,786,0.76751134,9
34,870,0.76805197,6
34,985,0.78728166,17
34,986,0.76805982,9
35,36,0.76678143,35
37,94,0.95564194,25
37,97,0.87284293,27
38,39,0.95482239,26
38,50,0.92579469,26
38,51,0.95692404,20
38,52,0.72638098,19
38,54,0.86329125,9
38,57,0.82252349,19
38,60,0.74353771,16
38,98,0.79976557,20
38,471,0.80412229,22
38,524,0.86327303,24
38,702,0.77302989,18
39,50,0.97173945,25
39,51,0.95830400,20
39,52,0.79232559,20
39,54,0.88448383,10
39,57,0.89142096,20
39,60,0.82497864,18
39,64,0.74398271,15
39,98,0.87141775,20
39,471,0.72121809,22
39,472,0.71432027,18
39,524,0.94570787,25
39,702,0.73362898,18
40,42,0.96349431,43
46,554,0.88536691,8
49,63,0.96442750,5
49,78,0.97771707,8
49,609,0.79791906,7
49,671,0.89313661,6
49,874,0.88001247,5
49,934,0.85572891,6
50,51,0.89291019,18
50,52,0.78413676,22
50,54,0.82379422,9
50,57,0.89451686,23
50,60,0.82694508,18
50,64,0.73879508,16
50,98,0.88055009,22
50,524,0.94723449,28
50,702,0.72453944,19
51,52,0.78203367,18
51,54,0.93054974,14
51,57,0.85073210,19
51,60,0.79678192,15
51,64,0.73458978,16
51,98,0.83941418,18
51,471,0.79197532,19
51,472,0.77158945,14
51,524,0.89284215,21
51,702,0.73661238,15
52,54,0.87071901,11
52,57,0.81218951,21
52,60,0.98759398,20
52,64,0.98561462,21
52,98,0.97565760,24
52,524,0.88644658,25
53,55,0.90343249,19
54,57,0.82829892,13
54,60,0.87027663,9
54,64,0.83833071,11
54,98,0.88936218,12
54,471,0.70022551,9
54,472,0.70805359,8
54,524,0.87845870,14
56,208,0.85051934,2
56,275,0.72761354,2
56,283,0.85825200,2
57,60,0.84498086,19
57,64,0.77871192,19
57,98,0.88143841,27
57,524,0.90783673,28
60,64,0.97382323,16
60,98,0.98972273,19
60,524,0.91790709,21
62,76,0.84375474,10
62,80,0.99487770,15
62,282,0.98490029,16
63,78,0.99444842,10
63,609,0.81769607,9
63,671,0.91716583,5
63,874,0.90480371,4
63,934,0.88024076,5
64,98,0.95734439,20
64,524,0.85258506,20
65,70,0.90792249,23
65,250,0.78287496,16
65,662,0.81740241,17
65,687,0.82021952,18
65,816,0.81274589,19
65,1153,0.76294573,18
65,1196,0.76833199,20
69,151,0.96695070,25
69,559,0.88862270,13
70,155,0.71936004,24
70,220,0.74045131,23
70,250,0.79111956,26
70,662,0.82577114,24
70,687,0.82818267,26
70,816,0.82274723,28
70,979,0.71126086,22
70,1153,0.76960694,25
70,1196,0.77714500,26
71,86,0.98181957,36
72,306,0.96605796,10
72,546,0.97697334,14
72,548,0.73646752,7
72,572,0.97144450,13
73,75,0.95785757,47
73,456,0.85779438,20
74,91,0.78924970,21
74,100,0.95265003,23
74,194,0.81252868,37
75,456,0.94300986,20
76,80,0.82116667,10
76,282,0.80608388,10
78,609,0.82118234,12
78,671,0.91999621,6
78,874,0.90755338,6
78,934,0.88351483,7
80,282,0.99301936,22
81,118,0.98542016,5
81,202,0.98252890,6
83,106,0.88097667,13
83,125,0.88085674,13
83,128,0.88780886,9
83,142,0.86876390,14
83,147,0.88369907,10
83,193,0.91376240,9
83,248,0.87089954,11
83,295,0.87591693,12
83,1148,0.87948177,7
83,1389,0.86894477,8
87,152,0.99606946,7
87,539,0.73217315,2
87,681,0.96821503,3
88,360,0.85167643,23
89,516,0.74970678,18
90,762,0.92652934,8
90,763,0.97144367,7
91,100,0.87212703,27
94,97,0.89750197,28
96,206,0.91784218,10
96,239,0.91281424,5
98,524,0.94639452,28
100,194,0.84348698,18
101,140,0.98928031,16
101,141,0.96698001,14
101,1484,0.95220259,11
101,1486,0.94291128,8
101,1492,0.95290338,9
101,1513,0.95131476,10
101,1587,0.95166498,5
101,1652,0.95364815,7
101,1683,0.81802471,14
101,1730,0.95465453,7
102,105,0.91503028,27
102,134,0.82282966,11
102,145,0.99935452,8
102,146,0.91727127,8
102,336,0.78809295,10
102,589,0.99697906,15
102,590,0.89891283,6
103,120,0.98471619,7
103,137,0.98168491,13
103,150,0.98831644,11
103,187,0.95763411,7
103,232,0.94961055,6
104,1141,0.99109368,42
105,134,0.91946915,33
105,145,0.91666434,8
105,146,0.99984158,19
105,336,0.72127401,9
105,589,0.91675825,14
105,590,0.99555268,19
106,125,0.99781612,17
106,128,0.99846272,13
106,142,0.97823228,18
106,147,0.99928130,19
106,193,0.95770236,12
106,237,0.98735773,15
106,248,0.98960365,17
106,295,0.99494049,15
106,353,0.92438522,15
106,769,0.95881920,10
106,1007,0.97541067,14
106,1148,0.99681834,12
106,1389,0.91259893,11
107,161,0.78311458,34
107,179,0.86754912,49
107,218,0.77579192,35
109,154,0.96932873,43
109,285,0.80994713,3
110,176,0.99796711,48
110,1123,0.94118101,19
116,144,0.97950956,22
117,159,0.92395549,81
117,185,0.95637619,74
117,211,0.97682979,77
118,202,0.99914743,19
119,164,0.80934811,13
119,317,0.93936682,5
119,340,0.94241493,8
119,362,0.94313366,6
119,386,0.94329055,9
119,409,0.94367723,12
120,137,0.95685507,7
120,150,0.98735828,7
120,187,0.97469189,5
120,232,0.97177524,5
121,166,0.96685257,43
123,174,0.97770424,24
123,1036,0.78984643,6
125,128,0.99883329,13
125,142,0.98172608,13
125,147,0.99798414,13
125,193,0.95054421,10
125,237,0.99402523,31
125,248,0.99594392,29
125,295,0.99590210,23
125,344,0.79245950,28
125,353,0.92984751,19
125,769,0.96811999,23
125,1007,0.98269111,26
125,1148,0.99885364,18
125,1389,0.90592710,11
126,182,0.99674328,15
126,776,0.86430937,8
126,817,0.74700975,11
128,142,0.98421327,11
128,147,0.99915872,13
128,193,0.95682530,9
128,237,0.98825239,13
128,248,0.99112345,13
128,295,0.99532463,12
128,344,0.77756980,10
128,353,0.93246558,12
128,769,0.96033729,11
128,1007,0.97634411,10
128,1148,0.99783277,9
128,1389,0.91178488,12
129,132,0.99525522,48
129,666,0.77468107,18
129,819,0.77734569,21
131,148,0.85897140,38
131,196,0.87077723,38
131,200,0.70737729,33
132,666,0.80523362,13
132,782,0.72348332,6
132,819,0.80743097,16
134,145,0.82435851,4
134,146,0.91808417,15
134,589,0.82543016,9
134,590,0.94540882,31
135,217,0.99925562,34
136,284,0.82490530,44
136,522,0.98558360,18
137,150,0.97157740,12
137,187,0.91258500,6
137,232,0.89969075,6
138,197,0.98771621,10
138,219,0.99001184,16
140,141,0.95536850,26
140,1484,0.95673599,15
140,1486,0.96204443,11
140,1492,0.95821393,11
140,1513,0.96307200,15
140,1587,0.95637536,4
140,1652,0.95899783,6
140,1683,0.82483190,29
140,1730,0.95851471,7
141,1484,0.93131222,13
141,1486,0.92523894,12
141,1492,0.93202030,13
141,1513,0.92835777,12
141,1587,0.93222425,7
141,1652,0.93134086,7
141,1683,0.81516491,25
141,1730,0.93452708,10
142,147,0.98491066,13
142,193,0.94348235,11
142,237,0.97154612,15
142,248,0.97429026,15
142,295,0.98174709,14
142,353,0.96615582,17
142,769,0.94605428,11
142,1007,0.96099114,13
142,1148,0.98353301,10
142,1389,0.89892146,10
143,201,0.99789121,34
145,146,0.91902889,5
145,336,0.78549067,5
145,589,0.99679557,8
145,590,0.90071662,4
146,336,0.72214047,4
146,589,0.91886222,6
146,590,0.99521591,14
147,193,0.96027697,10
147,237,0.98742639,14
147,248,0.98977123,13
147,295,0.99549634,13
147,353,0.93431601,11
147,769,0.95944046,9
147,1007,0.97578001,11
147,1148,0.99745380,9
147,1389,0.91501928,11
148,195,0.74884798,20
148,196,0.97245035,41
148,200,0.75170402,39
150,187,0.96152214,6
150,232,0.95669057,6
151,559,0.87490296,20
152,314,0.70599072,5
152,539,0.72895447,2
152,681,0.96511950,2
155,220,0.98702359,36
155,250,0.75391205,22
155,662,0.76531541,22
155,687,0.76781436,25
155,816,0.77456722,25
155,1153,0.72030592,23
155,1196,0.71992555,27
156,167,0.94527811,9
156,310,0.89647232,3
156,316,0.83859278,6
156,331,0.87454725,4
156,417,0.92895168,4
157,192,0.72976656,26
158,357,0.77725915,32
158,366,0.96575752,26
158,374,0.72562858,25
158,1387,0.85753205,4
158,1397,0.85613931,4
158,1400,0.85686266,4
159,185,0.83108206,71
159,211,0.84527960,67
160,165,0.97735770,51
160,250,0.71507730,38
160,662,0.70149422,33
160,687,0.70712938,33
160,816,0.70249237,38
161,218,0.97235946,34
162,198,0.98531860,4
162,221,0.95882108,3
164,177,0.97403323,17
165,250,0.71671507,39
165,687,0.70194662,38
167,310,0.96471024,5
167,316,0.90137589,7
167,331,0.94097487,6
167,417,0.99615116,6
169,349,0.98642708,11
169,376,0.97844547,10
169,403,0.98318007,9
169,436,0.97525962,10
169,446,0.97395440,9
170,210,0.79782489,11
170,212,0.96561666,13
170,287,0.74782921,13
171,213,0.97939512,58
171,502,0.70144773,21
172,213,0.70349399,23
172,214,0.99819951,25
172,1647,0.70509071,19
172,1676,0.72192707,20
172,1718,0.70840953,19
173,215,0.99359498,13
174,1036,0.77545600,5
175,222,0.88172713,66
176,1123,0.94827138,21
178,185,0.75721366,51
178,211,0.75990696,52
178,290,0.94879194,56
180,223,0.99232127,16
181,242,0.99840235,13
181,323,0.74560823,6
182,776,0.86055954,8
182,817,0.74376758,8
184,188,0.90552059,41
184,226,0.98170999,54
184,228,0.90913223,37
185,211,0.97495257,72
186,231,0.99822097,11
186,673,0.99648430,12
187,232,0.99595414,5
188,226,0.90620121,29
188,228,0.99352196,39
191,203,0.97230147,27
191,375,0.95798501,19
193,237,0.93755405,9
193,248,0.93892377,10
193,295,0.94992227,10
193,1148,0.95121167,9
193,1389,0.94637483,9
195,252,0.97093900,40
195,278,0.97035420,41
196,200,0.81200186,33
197,219,0.99890740,11
198,221,0.97306748,4
199,378,0.89770697,13
199,379,0.97425029,18
199,419,0.95663824,17
200,508,0.81350614,25
203,375,0.98338320,18
204,241,0.94460408,44
204,302,0.85018702,32
204,346,0.70966643,28
205,511,0.79345418,11
206,239,0.99689289,22
207,233,0.99894623,11
207,251,0.99540931,14
207,747,0.99412577,4
207,750,0.96287166,4
208,246,0.71085199,2
208,275,0.94057516,5
208,283,0.93006764,2
209,382,0.85883177,27
209,519,0.85671857,13
210,212,0.86255651,10
210,287,0.84559275,8
211,290,0.70017907,38
212,287,0.86825986,10
214,1647,0.70820379,16
214,1676,0.72519034,18
214,1718,0.71142439,17
216,575,0.70039496,19
216,597,0.79988113,8
218,335,0.72438666,33
220,250,0.79082030,24
220,662,0.80353144,25
220,687,0.80647498,26
220,816,0.81201051,25
220,1153,0.76986039,26
220,1196,0.76734783,26
225,235,0.79263304,18
225,309,0.76948838,26
226,228,0.90746243,32
227,238,0.96749830,55
227,269,0.82316744,25
230,337,0.97464475,47
231,673,0.99452834,11
233,251,0.99688247,11
233,747,0.99487116,3
233,750,0.96385853,3
234,245,0.80154236,22
234,296,0.80234407,7
234,307,0.80206249,6
234,308,0.76776843,6
235,309,0.96920498,37
236,270,0.99221714,47
237,248,0.99951485,42
237,295,0.98915293,26
237,344,0.82105182,39
237,353,0.92244866,23
237,769,0.98144301,34
237,1007,0.99188298,38
237,1148,0.99335065,22
237,1389,0.89363147,11
238,269,0.78358316,27
241,302,0.81177728,37
242,323,0.71802817,6
245,296,0.99965427,8
245,307,0.99805468,7
245,308,0.93120619,4
246,283,0.71756545,3
247,685,0.84447750,21
247,858,0.84756348,18
247,1214,0.76303259,13
247,1230,0.75346992,10
247,1296,0.74759899,13
248,295,0.99091660,24
248,344,0.81428745,37
248,353,0.92498550,24
248,769,0.98058892,36
248,1007,0.99156464,39
248,1148,0.99530642,25
248,1389,0.89494473,10
249,1342,0.80724274,6
250,662,0.96504086,38
250,687,0.97193914,41
250,816,0.95921319,41
250,979,0.83098083,35
250,1153,0.89970216,34
250,1196,0.89912241,36
251,747,0.99863638,4
251,750,0.96745574,4
252,278,0.99977776,46
253,257,0.98003701,25
253,258,0.92383651,18
253,259,0.95949183,19
253,280,0.70105161,34
253,281,0.71524537,25
253,305,0.97414147,25
253,313,0.90288292,14
253,338,0.71979490,50
253,369,0.96585859,43
253,370,0.86907447,23
253,490,0.71517090,16
253,606,0.71057598,6
257,258,0.96109860,17
257,259,0.96268324,16
257,280,0.72674987,21
257,281,0.74853589,17
257,305,0.99425896,18
257,313,0.94033047,14
257,369,0.97091902,23
257,370,0.90581712,16
258,259,0.97483584,22
258,280,0.75339845,17
258,281,0.79338067,17
258,305,0.95695731,16
258,313,0.99208523,16
258,369,0.95884299,17
258,370,0.97094747,21
259,280,0.73659160,19
259,281,0.76681818,15
259,305,0.95886861,15
259,313,0.96181630,15
259,369,0.97536020,17
259,370,0.93724258,18
260,261,0.90193288,29
265,271,0.98972106,7
265,427,0.98608563,16
265,468,0.91552480,12
265,683,0.97645354,11
267,274,0.97218527,7
267,330,0.94775076,6
268,1616,0.77054614,9
268,1643,0.78815343,13
268,1657,0.83388512,8
268,1660,0.76407437,12
268,1695,0.83663461,7
268,1699,0.75585062,12
268,1724,0.86285873,7
268,1733,0.72916862,13
271,427,0.98009276,10
271,468,0.91143369,8
271,683,0.96545667,6
272,312,0.99868220,25
273,292,0.98577174,29
273,293,0.96632430,11
273,322,0.98575641,22
274,330,0.95844294,6
275,283,0.79625089,4
275,314,0.72007490,6
276,494,0.85479632,5
277,611,0.95115916,48
277,732,0.97453119,34
280,281,0.98495847,35
280,305,0.72752250,25
280,313,0.75166624,15
280,369,0.73725997,31
280,370,0.72299424,24
281,305,0.74834991,18
281,313,0.79244801,15
281,369,0.76334495,24
281,370,0.76418053,20
284,522,0.75245252,12
286,327,0.92346815,35
288,314,0.93764571,17
289,297,0.90544199,22
289,321,0.99406425,29
289,1504,0.70248831,23
289,1532,0.70521774,22
289,1554,0.71685639,21
289,1648,0.72580442,23
289,1659,0.70942408,21
292,293,0.97727512,13
292,322,0.99928556,29
293,322,0.97892087,11
294,311,0.85479215,28
294,318,0.97810337,36
295,344,0.78772376,23
295,353,0.93240693,21
295,769,0.96297668,19
295,1007,0.97812213,23
295,1148,0.99529378,17
295,1389,0.90525342,10
296,307,0.99847698,4
296,308,0.93179173,3
297,321,0.87537058,25
297,1504,0.73452947,39
297,1532,0.73150461,37
297,1554,0.74314553,35
297,1648,0.75256089,32
297,1659,0.73452203,29
297,1734,0.72157456,25
301,1237,0.97653801,12
302,346,0.93006144,38
303,448,0.72127763,7
303,461,0.86967296,13
303,466,0.87730887,5
303,490,0.89851817,16
303,509,0.86015244,3
303,606,0.89495935,9
304,392,0.99554859,18
305,313,0.93751578,14
305,369,0.97499753,31
305,370,0.90678387,20
306,546,0.96712745,13
306,548,0.72681544,7
306,572,0.99803288,13
307,308,0.94732981,5
310,316,0.97862002,10
310,331,0.98609185,13
310,417,0.95202582,5
311,318,0.89886573,26
311,341,0.70343290,31
313,369,0.94271801,15
313,370,0.97192353,16
315,343,0.94286097,50
315,344,0.84734534,37
316,331,0.97308879,15
316,417,0.87781820,7
317,340,0.99908108,7
317,362,0.99940913,5
317,386,0.99889654,6
317,409,0.99864330,5
320,336,0.70260010,9
320,589,0.71795949,10
320,1531,0.70045758,9
320,1705,0.70167354,7
320,1726,0.71102655,7
324,363,0.99986325,7
324,402,0.99924684,8
326,1621,0.87254771,17
326,1644,0.91088246,15
326,1651,0.81297204,17
326,1672,0.89400892,20
326,1677,0.88579032,17
326,1690,0.89646389,17
326,1728,0.87382570,17
328,339,0.91740112,7
328,381,0.92428610,6
328,406,0.85683513,6
328,421,0.94764252,9
328,424,0.90200923,6
328,440,0.95296192,8
328,443,0.90114365,7
328,529,0.87109186,7
328,615,0.83626647,6
328,622,0.95827664,8
328,623,0.94427485,5
328,665,0.90530535,7
328,672,0.94512273,5
328,688,0.96271110,8
328,689,0.92868766,5
329,391,0.99964758,38
331,417,0.92658173,5
332,407,0.99742758,13
336,589,0.81707363,9
336,590,0.70811225,5
338,369,0.71241722,66
339,381,0.97394084,25
339,406,0.90880978,25
339,421,0.95149827,24
339,424,0.96330919,25
339,440,0.95353114,19
339,443,0.98209075,29
339,529,0.84469730,17
339,615,0.82552806,9
339,622,0.92985260,8
339,623,0.92972549,4
339,665,0.88558853,12
339,672,0.92980759,10
340,362,0.99943407,8
340,386,0.99952231,9
340,409,0.99946894,9
342,343,0.82642201,32
342,1402,0.86290769,6
342,1403,0.86715120,5
342,1522,0.74024324,49
342,1543,0.74534400,43
342,1625,0.75475550,39
342,1635,0.76721540,44
342,1674,0.75181033,45
342,1693,0.75859333,40
343,344,0.80458492,36
343,1402,0.73302247,5
343,1403,0.73766429,4
344,769,0.81845420,33
344,1007,0.82138431,37
344,1148,0.79251566,23
345,385,0.99742595,27
345,792,0.98105493,15
345,944,0.99644790,8
348,388,0.93402267,26
349,376,0.99883280,9
349,403,0.99924408,8
349,436,0.99782889,10
349,446,0.99765852,8
350,404,0.97287705,16
351,371,0.99265035,43
351,401,0.97291559,49
351,479,0.89718872,16
351,553,0.91134837,9
352,405,0.91149611,7
352,418,0.79078908,5
352,918,0.99428358,4
352,922,0.99951537,5
352,1041,0.99849980,5
352,1044,0.99950862,4
353,1007,0.92265499,26
353,1148,0.93650541,18
357,366,0.78503369,32
357,1387,0.92877054,9
357,1397,0.92771422,9
357,1400,0.92985479,9
360,1491,0.74897966,55
360,1526,0.71583232,57
360,1542,0.70828035,53
360,1638,0.70551625,51
360,1682,0.71394066,49
360,1703,0.71330547,57
362,386,0.99932419,7
362,409,0.99912359,6
363,402,0.99931505,6
366,374,0.84127506,34
366,1387,0.85995434,7
366,1397,0.85873632,7
366,1400,0.85935586,7
369,370,0.91406591,29
371,401,0.96898516,39
371,479,0.91254993,16
371,553,0.92807478,9
372,435,0.94062979,17
372,491,0.93232297,20
373,541,0.96421984,11
376,403,0.99923953,10
376,436,0.99932729,9
376,446,0.99954131,7
378,379,0.94808297,31
378,418,0.80327822,18
378,419,0.91938782,22
379,419,0.97436336,29
380,425,0.93058331,36
380,536,0.71216136,25
380,547,0.92379575,9
381,406,0.93723929,31
381,421,0.97178132,22
381,424,0.98606085,30
381,440,0.97077062,20
381,443,0.98064269,33
381,529,0.85086588,15
381,615,0.83643276,7
381,622,0.94540155,8
381,623,0.94516258,6
381,665,0.89993089,8
381,672,0.94669182,8
381,688,0.87607972,12
381,689,0.85820526,10
382,519,0.82789563,15
382,823,0.74435225,12
384,428,0.95711577,50
385,792,0.98141189,12
385,944,0.99704070,9
386,409,0.99960188,13
387,612,0.79202091,36
393,470,0.87854020,7
393,474,0.87200411,4
393,475,0.87104330,5
393,593,0.87781607,7
393,954,0.87771380,5
393,963,0.75702651,9
393,1207,0.87858653,7
393,1227,0.87628516,7
393,1379,0.87860765,5
393,1380,0.87793522,6
395,527,0.74540130,14
396,432,0.83062381,8
396,493,0.84222990,5
396,495,0.84531227,9
397,571,0.90250717,8
397,576,0.84464253,9
401,479,0.91355433,15
401,553,0.90656060,10
403,436,0.99816326,8
403,446,0.99851831,6
405,418,0.96391305,13
405,918,0.90373338,4
405,922,0.90855439,4
405,1041,0.90771193,5
405,1044,0.90855958,3
406,421,0.89960440,22
406,424,0.94198513,37
406,440,0.90306366,21
406,443,0.93983977,41
406,622,0.87305944,7
406,623,0.87267795,4
406,672,0.87426814,7
416,431,0.97176182,36
418,918,0.78117615,2
418,922,0.78650242,3
418,1041,0.78420629,2
418,1044,0.78543536,3
421,424,0.93858768,23
421,440,0.99835475,25
421,443,0.93224437,25
421,529,0.88157030,14
421,615,0.87093255,10
421,622,0.99124614,14
421,623,0.99210853,6
421,665,0.94023667,12
421,672,0.99166348,11
421,688,0.90985109,13
421,689,0.88105009,10
422,441,0.99930395,5
424,440,0.93966651,23
424,443,0.99014059,42
424,622,0.90809785,8
424,623,0.90760091,5
424,672,0.90829907,8
425,536,0.76082127,19
425,547,0.99661880,10
426,438,0.99115856,35
427,468,0.94013963,38
427,683,0.99500377,34
432,493,0.98474083,39
432,495,0.97922371,10
435,491,0.99941086,28
436,446,0.99958962,9
440,443,0.93380942,22
440,529,0.88289823,11
440,615,0.87329502,8
440,622,0.99287220,9
440,623,0.99349863,6
440,665,0.94140441,9
440,672,0.99256334,8
440,688,0.91248158,12
440,689,0.88151217,9
443,622,0.90288996,11
443,623,0.90256466,7
443,672,0.90301153,11
444,445,0.93145958,10
448,461,0.74400345,8
448,466,0.75279747,7
448,490,0.77081640,9
448,509,0.73777456,4
448,606,0.76771569,6
449,458,0.78263727,18
449,736,0.82107590,7
449,791,0.82491206,14
449,861,0.70028690,7
449,1028,0.82098746,7
449,1620,0.82363028,10
449,1701,0.82869045,7
449,1706,0.82241363,10
453,458,0.88792713,40
455,481,0.98980287,23
458,736,0.90333830,7
458,773,0.73087145,10
458,791,0.90784100,13
458,861,0.77092808,12
458,1028,0.90320216,6
458,1620,0.91242924,10
458,1701,0.91647924,8
458,1706,0.91126940,10
459,480,0.97962183,11
459,489,0.97953974,5
461,466,0.90764649,8
461,490,0.97811510,30
461,509,0.88867724,3
461,606,0.92749171,14
461,970,0.72113896,7
462,503,0.99530320,9
462,504,0.97731960,6
463,1011,0.82741404,9
466,490,0.93832149,6
466,509,0.89932435,3
466,606,0.93534111,7
466,970,0.72956849,6
467,599,0.97036913,50
468,683,0.95241190,24
470,474,0.98404742,10
470,475,0.98277002,13
470,593,0.99904923,29
470,954,0.99975698,12
470,963,0.85519255,9
470,964,0.80396340,2
470,968,0.70162525,5
470,1207,0.99972725,24
470,1227,0.99798131,28
470,1379,0.99980933,10
470,1380,0.99300135,12
471,472,0.84854351,25
471,702,0.80714533,25
472,702,0.72172897,22
474,475,0.99904939,23
474,593,0.98323866,9
474,954,0.98326036,8
474,963,0.85014790,9
474,964,0.80256862,3
474,968,0.70022785,6
474,1207,0.98420765,9
474,1227,0.98163427,9
474,1379,0.98416487,6
474,1380,0.98299495,9
475,593,0.98196000,12
475,954,0.98188049,8
475,963,0.84922943,13
475,1207,0.98294083,12
475,1227,0.98038766,12
475,1379,0.98281728,7
475,1380,0.98191664,13
478,507,0.99937111,24
479,553,0.88035823,10
480,489,0.99980132,5
482,492,0.99853037,54
482,794,0.70993930,14
482,873,0.70619028,7
487,758,0.81989625,3
488,520,0.97300488,13
490,509,0.92012378,4
490,606,0.95940240,18
490,970,0.74662860,8
490,1006,0.71166425,8
492,794,0.74180765,15
492,873,0.73826344,7
493,495,0.99615532,11
501,551,0.79252805,4
503,504,0.97129348,6
509,606,0.91717471,4
509,970,0.71545151,3
512,568,0.97616094,7
512,618,0.99842417,10
512,630,0.99863605,10
512,690,0.99649300,8
515,981,0.72653125,12
518,526,0.87651246,39
521,598,0.76386462,22
529,622,0.88960100,11
529,623,0.88049706,5
529,672,0.88137386,8
529,688,0.86742406,13
529,689,0.85359817,8
531,770,0.99795349,14
536,547,0.76175274,8
539,681,0.73429451,3
543,1183,0.88361474,13
544,739,0.99019379,13
544,913,0.99052687,16
544,959,0.96299605,15
544,1031,0.98566528,16
544,1084,0.87729924,12
544,1184,0.86851156,10
544,1210,0.86795505,12
544,1213,0.87359978,14
545,549,0.99819662,10
545,552,0.94418212,12
546,548,0.72369308,8
546,572,0.97590274,17
548,572,0.72926549,8
548,573,0.87565614,10
548,591,0.88467801,12
549,552,0.94365134,11
550,970,0.76786753,11
555,614,0.99897908,17
560,1324,0.96150651,39
561,602,0.99904797,42
561,603,0.86949885,18
561,625,0.99741471,26
561,640,0.99089683,24
561,647,0.90513417,10
561,650,0.89273771,8
561,692,0.99758784,36
561,699,0.99088818,23
561,787,0.99733031,31
561,885,0.97276704,24
562,603,0.93678498,48
562,604,0.93849685,35
562,640,0.81576828,18
562,645,0.93824467,51
562,646,0.97843362,35
562,647,0.94930413,15
562,649,0.86609028,55
562,650,0.94235739,17
562,699,0.89496171,19
562,705,0.89701877,62
562,708,0.84364612,34
562,711,0.78219927,32
562,787,0.84482953,20
562,804,0.92541037,73
562,885,0.89154291,18
566,567,0.90625707,27
568,618,0.97453960,9
568,630,0.97676535,8
568,690,0.96994568,5
569,570,0.81488693,10
569,754,0.98947535,22
569,898,0.98638769,26
570,754,0.81402184,5
570,898,0.81240792,5
571,576,0.90475257,19
571,577,0.75712164,13
573,591,0.99869627,11
574,610,0.94622485,11
575,597,0.88985254,18
575,678,0.96793397,20
575,679,0.93523149,35
576,577,0.91640593,28
577,580,0.80344925,22
584,726,0.99842233,17
584,867,0.99839468,20
584,1027,0.94188678,11
585,586,0.97834814,23
585,682,0.97507329,36
585,727,0.99460886,31
585,728,0.96123255,23
585,729,0.96889163,25
585,740,0.99422641,26
585,785,0.99732605,34
585,786,0.97641992,19
585,800,0.84111942,7
585,868,0.99394617,29
585,869,0.98175688,22
585,870,0.97394411,10
585,985,0.99235603,33
585,986,0.97033789,14
586,587,0.70252275,31
586,682,0.93980556,33
586,727,0.98183551,27
586,728,0.96621792,34
586,729,0.99524859,53
586,730,0.72989363,34
586,740,0.98123047,22
586,785,0.97365146,36
586,786,0.99842718,34
586,800,0.86894956,15
586,868,0.97358569,27
586,869,0.97551486,32
586,870,0.99608192,24
586,871,0.99072871,39
586,872,0.88975038,26
586,985,0.97818442,31
586,986,0.99545236,33
587,730,0.99298929,32
587,786,0.70625718,26
587,871,0.74685348,31
587,872,0.92540572,23
587,996,0.76051684,16
587,1056,0.76772654,17
587,1121,0.76830745,18
587,1239,0.75981266,15
587,1259,0.75954269,15
589,590,0.90095035,5
593,954,0.99857923,11
593,963,0.85446672,12
593,964,0.80335872,3
593,968,0.70108626,8
593,1207,0.99911475,25
593,1227,0.99828894,30
593,1379,0.99881695,10
593,1380,0.99211476,13
594,595,0.86015960,27
596,691,0.92484845,9
597,678,0.86694249,15
597,679,0.82578146,22
602,603,0.85324352,18
602,625,0.99455589,26
602,640,0.99493553,24
602,647,0.89224064,9
602,650,0.87923328,7
602,692,0.99488133,36
602,699,0.98620786,22
602,787,0.99800818,28
602,885,0.96623260,23
603,604,0.92677051,32
603,625,0.89869127,18
603,645,0.99813437,54
603,646,0.92400615,26
603,647,0.96365840,10
603,649,0.73384819,28
603,650,0.96793157,10
603,692,0.89409781,17
603,699,0.92085029,16
603,705,0.88478302,51
603,708,0.73902487,20
603,711,0.78330599,17
603,885,0.93303268,16
604,645,0.92834393,31
604,646,0.92246884,23
604,647,0.87915518,11
604,649,0.81272508,24
604,650,0.88179802,11
604,699,0.84479908,7
604,705,0.94091392,30
604,708,0.79780241,22
604,711,0.76969778,18
604,804,0.89267339,28
604,885,0.84435887,8
606,970,0.74496763,11
606,1006,0.70916385,6
607,669,0.99938029,19
609,671,0.75638437,6
609,874,0.74626440,7
609,934,0.72656960,8
611,732,0.97270145,36
615,622,0.87398171,10
615,623,0.87263453,4
615,665,0.86619737,19
615,672,0.88403784,8
615,688,0.82287706,7
616,910,0.79791391,14
616,955,0.78991848,11
618,630,0.99951958,12
618,690,0.99713809,8
621,1334,0.77657336,6
622,623,0.99617839,8
622,665,0.94427481,8
622,672,0.99427400,7
622,688,0.93261059,7
622,689,0.89660851,6
623,665,0.94224486,5
623,672,0.99463263,4
623,688,0.90942149,3
623,689,0.87259825,4
624,656,0.72784616,20
624,733,0.72378578,18
624,809,0.72606177,20
625,640,0.98107888,22
625,645,0.88975020,22
625,647,0.92963850,8
625,650,0.91964656,7
625,692,0.99889286,26
625,699,0.99754131,23
625,787,0.99113182,26
625,804,0.83219372,17
625,885,0.98264606,23
628,629,0.74416689,36
629,1525,0.76463623,6
630,690,0.99690899,6
631,632,0.87334595,28
631,743,0.87490426,26
631,780,0.99642991,26
631,781,0.85499054,41
631,782,0.77724032,21
631,890,0.87635457,22
631,942,0.88937767,18
631,943,0.88812252,21
631,957,0.88033178,16
631,1035,0.87518154,25
631,1038,0.87301151,19
631,1279,0.88639612,20
632,780,0.85867494,22
632,781,0.99635603,30
632,782,0.92709623,18
632,1033,0.70468528,13
635,878,0.99847137,14
636,676,0.93688901,17
637,1395,0.80335227,3
637,1398,0.81873079,4
637,1415,0.80292871,4
637,1416,0.79586215,4
638,639,0.97104092,15
638,640,0.71189004,9
638,697,0.97349513,51
639,640,0.73267022,6
639,697,0.96610453,11
640,647,0.85517313,7
640,650,0.84006248,5
640,692,0.98173356,23
640,697,0.71183667,7
640,699,0.96840884,24
640,787,0.99446776,23
640,885,0.94115840,22
641,698,0.94294601,20
641,700,0.99901155,32
642,644,0.73260566,54
643,704,0.77513150,53
645,646,0.92771765,26
645,647,0.96401354,11
645,649,0.73396776,26
645,650,0.97056839,11
645,699,0.91252807,19
645,705,0.88501416,54
645,711,0.78281279,18
645,885,0.92270054,20
646,647,0.92722072,10
646,649,0.89807912,33
646,650,0.92924668,14
646,705,0.86443893,26
646,708,0.80940550,18
646,804,0.90488219,32
646,885,0.85149150,6
647,649,0.73716919,14
647,650,0.98480056,11
647,692,0.92163497,8
647,699,0.94573108,7
647,705,0.84503740,9
647,708,0.75916431,10
647,711,0.78405770,9
647,787,0.88379919,8
647,804,0.84001331,12
647,885,0.94402647,8
648,651,0.99257811,8
649,650,0.73525413,17
649,705,0.77056127,31
649,708,0.77362615,24
649,804,0.89258318,58
650,692,0.91020546,7
650,699,0.93719391,6
650,705,0.85024341,8
650,708,0.74799167,11
650,711,0.79214404,14
650,787,0.87058474,7
650,804,0.83462552,15
650,885,0.93662923,7
654,738,0.99867511,12
654,778,0.99966515,19
654,838,0.99612877,17
654,888,0.99543036,20
654,909,0.72355816,4
654,912,0.99666452,12
654,940,0.99986534,18
654,942,0.77260733,11
654,1030,0.99649776,21
654,1035,0.87143449,15
654,1278,0.99888341,18
655,742,0.99618283,39
655,825,0.99755204,45
655,839,0.99821213,50
655,841,0.81257632,43
655,889,0.99486786,45
655,915,0.99592903,35
655,917,0.92219956,46
655,921,0.81508408,11
655,1037,0.99889174,50
655,1294,0.99252798,52
656,733,0.99949654,27
656,734,0.94991284,11
656,809,0.99883426,37
657,743,0.99927964,36
657,745,0.96765425,31
657,840,0.99963840,23
657,890,0.99808990,34
657,916,0.99907828,19
657,942,0.97057154,14
657,943,0.96989529,18
657,957,0.96455668,13
657,1035,0.92651634,21
657,1038,0.99934476,28
657,1220,0.99946711,21
657,1279,0.97082841,16
657,1295,0.99937509,24
658,746,0.98401408,14
658,749,0.97021987,14
658,752,0.99002745,14
658,753,0.89208876,6
658,892,0.98074021,17
658,931,0.99035463,12
658,950,0.77206373,4
658,978,0.77233135,5
658,1016,0.98654199,15
658,1025,0.96160825,5
658,1039,0.98123939,14
658,1040,0.93282738,15
658,1043,0.98337796,7
658,1238,0.74011986,7
658,1258,0.75016379,7
662,687,0.99469343,50
662,816,0.98803245,51
662,979,0.85995534,42
662,1153,0.92605952,42
662,1196,0.93449783,39
665,672,0.95533879,9
665,675,0.84042823,29
665,688,0.89425694,8
665,689,0.86309239,6
666,782,0.72804216,17
666,819,0.99876793,68
667,668,0.95251728,22
667,675,0.75551660,12
667,925,0.99840062,29
667,926,0.93211153,22
667,928,0.97426880,13
667,1164,0.96915823,14
667,1165,0.99891752,30
668,925,0.95280204,23
668,926,0.99735225,18
668,928,0.89529255,11
668,1164,0.88986357,11
668,1165,0.95656591,21
671,874,0.83691455,5
671,934,0.81421274,5
672,688,0.91758205,10
672,689,0.89085896,8
674,718,0.85142468,128
674,719,0.97717945,125
674,790,0.72968351,100
674,938,0.77253462,50
675,925,0.75397398,18
675,928,0.74795955,23
675,1164,0.74360194,27
675,1165,0.75318338,17
678,679,0.94778389,21
680,1017,0.82256310,11
682,727,0.97628431,41
682,740,0.97786516,32
682,785,0.97671172,50
682,786,0.93771360,26
682,868,0.98885493,35
682,869,0.96291723,29
682,870,0.93763690,12
682,985,0.97826184,58
685,858,0.99613595,21
685,1214,0.93005685,10
685,1230,0.91940642,8
685,1296,0.91153184,10
686,695,0.96497740,41
687,816,0.99177382,52
687,979,0.86391653,43
687,1153,0.93005778,44
687,1196,0.93751981,42
688,689,0.97029994,11
692,699,0.99633343,23
692,787,0.99072627,30
692,885,0.98368841,22
696,725,0.99481204,21
698,700,0.93836520,25
699,705,0.84434938,17
699,711,0.77546687,8
699,787,0.98044297,23
699,804,0.83367700,16
699,885,0.98882411,20
705,708,0.85437972,33
705,711,0.81857302,25
705,804,0.91854860,60
708,711,0.81899346,31
708,804,0.89062719,34
709,712,0.97199332,35
711,804,0.77999952,32
716,790,0.75645319,115
716,857,0.71439214,96
716,1161,0.76703186,127
716,1162,0.82041764,94
716,1247,0.95342361,125
716,1263,0.95444744,121
716,1303,0.79173463,103
716,1304,0.79650297,62
716,1327,0.79189125,54
716,1330,0.79582002,46
716,1332,0.89814938,59
717,719,0.75863023,142
717,790,0.75363523,117
717,1151,0.78866282,98
717,1253,0.71388595,110
717,1255,0.71446131,96
717,1268,0.71468576,94
718,719,0.90493748,170
718,937,0.76451698,128
718,938,0.75899851,58
719,790,0.78423333,127
719,938,0.71956291,54
721,766,0.93187872,166
726,867,0.99993127,22
726,1027,0.94256809,13
727,728,0.96540631,28
727,729,0.97563947,30
727,740,0.99979753,29
727,785,0.99108908,40
727,786,0.97973357,19
727,800,0.84186203,8
727,868,0.99747207,33
727,869,0.98544755,24
727,870,0.97850612,10
727,871,0.95423710,20
727,985,0.99810799,43
727,986,0.97716235,17
728,729,0.96052845,45
728,740,0.96417635,27
728,786,0.96453802,27
728,800,0.92490878,11
728,869,0.99334511,35
728,870,0.97100207,17
728,871,0.95621188,25
728,872,0.84976719,20
728,985,0.96227676,32
728,986,0.96256627,25
729,740,0.97550441,26
729,786,0.99324604,39
729,800,0.85964895,17
729,869,0.96853774,33
729,870,0.99445830,28
729,871,0.98960816,40
729,872,0.87260099,30
729,985,0.97207553,38
729,986,0.99974451,37
730,786,0.73315768,28
730,871,0.77565757,32
730,872,0.93612083,23
730,996,0.73709566,15
730,1056,0.74378563,18
730,1121,0.74384307,23
730,1239,0.73690472,16
730,1259,0.73640930,16
731,929,0.91254906,28
733,734,0.95399502,11
733,809,0.99757349,24
734,809,0.93560218,12
735,909,0.95148898,7
735,1026,0.99609928,9
736,773,0.78098764,15
736,791,0.94717359,11
736,861,0.83925164,9
736,1028,0.99990974,19
736,1620,0.95009152,4
736,1701,0.96554141,3
736,1706,0.94626168,6
737,911,0.99974514,20
737,956,0.99631269,16
737,1029,0.99947876,21
738,778,0.99852412,12
738,838,0.99240969,12
738,888,0.99260698,13
738,909,0.75389345,4
738,912,0.99206586,11
738,940,0.99889671,14
738,1026,0.70311362,5
738,1030,0.99896472,13
738,1035,0.85015454,10
738,1278,0.99963386,14
739,913,0.99954459,31
739,959,0.97674200,23
739,1031,0.99702360,29
739,1084,0.89033501,19
739,1184,0.88187224,14
739,1210,0.88120884,18
739,1213,0.88629348,19
740,785,0.99074054,28
740,786,0.97912717,18
740,868,0.99785862,28
740,869,0.98478157,22
740,870,0.97801594,10
740,871,0.95418257,21
740,985,0.99796670,30
740,986,0.97699027,16
741,779,0.99365391,35
741,1033,0.99793392,33
742,825,0.99487281,38
742,839,0.99367035,41
742,841,0.83154459,33
742,889,0.98743250,37
742,915,0.99738805,33
742,917,0.90710888,38
742,921,0.78972994,10
742,1037,0.99684287,41
742,1294,0.98511206,41
743,745,0.95935867,31
743,780,0.89679173,12
743,840,0.99880713,22
743,890,0.99923636,30
743,916,0.99768095,19
743,942,0.97667807,16
743,943,0.97443217,19
743,957,0.96883828,12
743,1035,0.93606692,21
743,1038,0.99963995,28
743,1220,0.99850223,22
743,1279,0.97676403,20
743,1295,0.99843006,25
744,745,0.99403376,18
744,746,0.96893438,14
744,752,0.95731266,12
744,841,0.95116061,17
744,892,0.97001585,15
744,916,0.94893944,14
744,980,0.99406102,16
744,1016,0.96150896,16
744,1039,0.97282601,15
744,1040,0.96666270,13
745,840,0.96800271,21
745,841,0.94889521,29
745,892,0.94900891,22
745,916,0.97176192,17
745,980,0.99165199,21
745,1038,0.95979559,25
745,1040,0.96671520,18
745,1220,0.97175280,18
745,1295,0.97123739,24
746,749,0.93686601,12
746,752,0.99698859,13
746,753,0.86249553,6
746,841,0.93405903,15
746,892,0.99757103,15
746,931,0.98250651,12
746,980,0.96063238,17
746,1016,0.99779537,15
746,1025,0.95143564,5
746,1039,0.99763916,14
746,1040,0.97469498,13
746,1043,0.95370598,7
747,750,0.96805858,4
749,752,0.94751632,12
749,753,0.87802620,6
749,892,0.93194220,12
749,931,0.95704676,11
749,950,0.82071164,4
749,978,0.82094496,4
749,1016,0.94134680,13
749,1025,0.93297960,5
749,1039,0.93334262,11
749,1043,0.96635197,7
749,1238,0.78578827,6
749,1258,0.79464910,6
751,777,0.81146820,34
751,828,0.91141882,31
751,829,0.97090561,15
751,1034,0.99865300,42
751,1152,0.96850069,13
752,753,0.87164730,6
752,841,0.92668034,13
752,892,0.99508729,13
752,931,0.98678889,11
752,1016,0.99661159,13
752,1025,0.95547645,6
752,1039,0.99528619,12
752,1040,0.96126207,13
752,1043,0.96365144,7
753,892,0.85875567,6
753,931,0.88331300,6
753,950,0.75228259,2
753,978,0.75257207,2
753,1016,0.87048261,8
753,1025,0.85940454,5
753,1039,0.85685630,7
753,1043,0.88776674,5
753,1238,0.72240072,3
753,1258,0.73003160,4
754,898,0.99901953,22
759,1010,0.94394972,25
762,763,0.96508320,16
764,886,0.71586472,32
765,1313,0.99684698,10
765,1314,0.87058112,4
769,1007,0.98832245,38
769,1148,0.97192634,23
772,774,0.75766720,72
772,845,0.91811146,102
773,791,0.78406982,20
773,1028,0.78181248,12
773,1620,0.78808856,9
773,1701,0.78679903,9
773,1706,0.78852912,12
775,827,0.99852857,13
775,995,0.98256638,11
776,1146,0.86593192,6
777,828,0.74656018,40
777,829,0.79377088,19
777,1034,0.81270918,45
777,1152,0.79177976,17
778,838,0.99647698,32
778,888,0.99602987,29
778,909,0.72244827,6
778,912,0.99637969,13
778,940,0.99970729,21
778,942,0.77070452,11
778,1030,0.99653516,25
778,1035,0.87002057,15
778,1278,0.99881932,22
779,1033,0.98565293,31
780,781,0.83590548,24
780,782,0.74506200,18
780,840,0.89233983,10
780,890,0.89889540,12
780,942,0.91148366,7
780,943,0.90900342,7
780,957,0.90076881,6
780,1035,0.90168404,10
780,1038,0.89475959,11
780,1279,0.90883317,8
781,782,0.94726808,22
782,819,0.74656998,19
783,927,0.99932863,9
784,788,0.80693351,11
785,786,0.97176213,24
785,868,0.99187224,32
785,869,0.97759428,24
785,870,0.96944937,12
785,985,0.99083712,49
786,800,0.86899477,15
786,868,0.97148338,20
786,869,0.97389516,23
786,870,0.99586077,28
786,871,0.98959028,30
786,872,0.89162516,24
786,985,0.97617077,22
786,986,0.99423826,34
787,885,0.95756747,23
790,857,0.87174899,99
790,1162,0.74269801,93
790,1201,0.76706934,116
790,1205,0.80697395,88
790,1247,0.72420395,110
790,1263,0.72531407,110
791,861,0.80995582,16
791,1028,0.94714989,11
791,1620,0.97812606,9
791,1701,0.97705412,8
791,1706,0.97858340,11
794,873,0.99476877,5
800,869,0.90054988,11
800,870,0.87732929,15
800,871,0.88201622,14
800,986,0.86110361,15
802,803,0.99918085,48
802,1006,0.77762258,26
803,1006,0.78847563,27
806,808,0.76086992,20
806,1008,0.99684838,26
806,1089,0.99930102,28
806,1091,0.85566497,8
806,1094,0.99421613,24
806,1286,0.99763288,16
806,1287,0.98797129,11
807,824,0.99989545,14
808,1008,0.76185326,19
808,1089,0.76204548,20
808,1094,0.75062475,15
808,1286,0.76242638,13
808,1287,0.76058324,13
812,848,0.99823504,153
812,863,0.91496024,132
812,906,0.89954332,124
812,1102,0.81296437,115
813,814,0.70457538,87
813,849,0.70298702,93
813,850,0.99613680,103
813,851,0.86799446,80
814,850,0.72978140,92
814,851,0.86116456,84
814,864,0.73720513,102
814,893,0.70921788,76
815,865,0.99932555,9
816,979,0.87895365,50
816,1153,0.92570632,44
816,1196,0.93661628,43
820,844,0.99988109,10
820,932,0.97804291,11
820,965,0.99811177,7
820,967,0.99841772,4
820,1015,0.95573182,19
822,866,0.88630457,11
825,839,0.99799985,49
825,841,0.80866011,41
825,889,0.99551645,44
825,915,0.99412908,35
825,917,0.92501105,45
825,921,0.82007127,11
825,1037,0.99776026,45
825,1294,0.99287787,50
826,923,0.92368638,43
826,933,0.91563711,41
827,995,0.98159468,11
828,829,0.94609315,24
828,1034,0.91389696,40
828,1152,0.94159733,21
829,1034,0.97470627,21
829,1152,0.99969044,48
831,1193,0.83524442,5
833,837,0.99708125,130
838,888,0.99860672,33
838,912,0.99807495,13
838,940,0.99564649,21
838,942,0.80722743,11
838,1030,0.98768381,22
838,1035,0.89487895,15
838,1278,0.99242936,24
839,841,0.80592442,44
839,889,0.99765752,44
839,915,0.99320713,36
839,917,0.93406114,48
839,921,0.83351020,11
839,1037,0.99810713,52
839,1294,0.99603996,65
840,890,0.99754706,23
840,916,0.99862910,17
840,942,0.97087378,9
840,943,0.97126114,11
840,957,0.96568688,7
840,1038,0.99891004,22
840,1220,0.99934718,19
840,1279,0.97115944,8
840,1295,0.99942647,21
841,889,0.79463629,38
841,892,0.94552333,24
841,915,0.82542154,31
841,917,0.80566430,45
841,931,0.91020242,14
841,980,0.92267132,22
841,1016,0.94276089,21
841,1037,0.81719667,40
841,1039,0.92283594,15
841,1040,0.92927280,14
841,1294,0.79946040,45
843,910,0.80265616,5
843,955,0.80553112,5
844,932,0.97809890,10
844,965,0.99828415,5
844,967,0.99838662,4
844,1015,0.95472138,7
848,863,0.91547739,152
848,906,0.90130961,134
848,1102,0.81545125,134
849,850,0.70540229,97
849,851,0.85800261,77
849,893,0.75746488,72
849,904,0.81456934,100
849,1103,0.80373100,103
849,1105,0.76272095,70
850,851,0.88170642,80
851,864,0.73598049,81
851,893,0.76139394,68
851,1105,0.71745652,61
852,908,0.99976436,5
853,924,0.71712252,40
854,855,0.89454023,45
855,924,0.80803137,62
856,903,0.99969955,6
857,1201,0.80859540,101
857,1205,0.79103972,77
857,1327,0.71626679,44
857,1330,0.71256076,39
858,1214,0.93066676,10
858,1230,0.92020898,9
858,1296,0.91219780,10
861,1028,0.83927581,12
861,1620,0.81256458,7
861,1701,0.82453121,5
861,1706,0.80964086,7
862,905,0.99903241,159
862,951,0.98476033,127
862,1101,0.99823159,161
862,1104,0.72768559,90
863,906,0.99626638,149
863,1102,0.97075593,148
863,1103,0.70099094,154
863,1104,0.74987925,97
863,1105,0.79468640,82
864,893,0.88882525,100
864,904,0.79796511,125
864,907,0.94714784,118
864,1103,0.77964535,131
864,1105,0.79701331,86
867,1027,0.94317676,14
868,869,0.98330454,27
868,870,0.97065061,11
868,985,0.99667853,35
869,870,0.97779540,15
869,871,0.95826039,25
869,872,0.84345371,16
869,985,0.98330022,28
869,986,0.97058761,21
870,871,0.98927139,23
870,872,0.88475609,23
870,985,0.97742014,12
870,986,0.99513340,26
871,872,0.92755299,28
871,985,0.95087383,21
871,986,0.98919256,30
872,986,0.87298769,24
874,934,0.80338689,5
881,883,0.72007405,86
881,947,0.72725799,104
881,948,0.91725260,111
881,949,0.97192979,113
881,1109,0.73337138,105
881,1110,0.91193897,94
881,1111,0.87924680,93
881,1300,0.72957042,90
882,946,0.99888288,169
882,1045,0.98923508,152
882,1108,0.99801507,141
882,1299,0.96561807,150
882,1300,0.70793666,108
883,947,0.99181793,100
883,949,0.77230117,95
883,1046,0.96957987,100
883,1047,0.92144377,40
883,1109,0.98971478,100
883,1111,0.73666970,84
883,1300,0.89004177,81
888,912,0.99656362,12
888,940,0.99505874,23
888,942,0.79964325,13
888,1030,0.98802060,23
888,1035,0.88946204,18
888,1278,0.99222951,25
889,915,0.98664110,35
889,917,0.94691081,43
889,921,0.85409875,10
889,1037,0.99489096,43
889,1294,0.99821374,45
890,916,0.99581465,18
890,942,0.97922393,14
890,943,0.97570354,17
890,957,0.96990625,13
890,1035,0.94295221,19
890,1038,0.99842307,26
890,1220,0.99775461,20
890,1279,0.97920338,14
890,1295,0.99763783,24
891,1241,0.94645974,9
892,931,0.98149728,12
892,980,0.95851787,19
892,1016,0.99763102,18
892,1025,0.94640509,5
892,1039,0.99465384,14
892,1040,0.97264793,15
892,1043,0.94730777,7
893,904,0.93737885,91
893,907,0.86080164,90
893,1103,0.92888902,90
893,1104,0.79909772,77
893,1105,0.92613947,77
896,902,0.74080743,101
896,993,0.91178782,99
896,1002,0.90108714,31
896,1061,0.98720141,109
896,1063,0.99071656,126
896,1068,0.97319053,27
897,973,0.99973259,5
899,930,0.99952607,6
899,982,0.99932422,6
899,1009,0.93782216,5
899,1092,0.99103896,5
902,924,0.73906909,65
902,993,0.71715916,91
902,1002,0.70397203,26
902,1061,0.73432824,85
902,1063,0.75541596,101
902,1068,0.71789791,23
904,906,0.70804944,125
904,907,0.83651378,102
904,1103,0.98949460,141
904,1104,0.81661197,96
904,1105,0.91104114,84
905,951,0.98362906,137
905,1101,0.99840523,176
905,1104,0.72985257,89
906,907,0.70212363,100
906,1102,0.97657265,137
906,1103,0.71919027,135
906,1104,0.78074708,97
906,1105,0.81664120,81
907,1103,0.82517916,101
907,1104,0.76138397,87
907,1105,0.82601545,79
909,940,0.72752929,5
909,1026,0.96918324,7
909,1030,0.77480379,5
909,1278,0.75161425,5
910,955,0.99786336,15
911,956,0.99667560,18
911,1029,0.99964953,26
912,940,0.99607679,12
912,942,0.81747240,10
912,1030,0.98701478,13
912,1035,0.90211639,11
912,1278,0.99225599,12
913,959,0.97568456,26
913,1031,0.99711626,35
913,1084,0.88901531,25
913,1184,0.88006051,14
913,1210,0.88037301,22
913,1213,0.88618225,25
915,917,0.90197870,33
915,921,0.78545345,11
915,1037,0.99609537,36
915,1294,0.98300268,35
916,942,0.96240869,7
916,980,0.94942952,16
916,1038,0.99833848,19
916,1220,0.99880750,17
916,1279,0.96295387,7
916,1295,0.99824143,17
917,921,0.94662551,14
917,1037,0.92469692,46
917,1294,0.95653331,52
918,919,0.75408603,8
918,922,0.99406987,4
918,1041,0.99525296,5
918,1044,0.99429175,4
919,1041,0.71090358,5
919,1044,0.70110221,4
920,1042,0.87245503,8
921,1037,0.81661016,10
921,1294,0.86633766,11
922,1041,0.99834208,4
922,1044,0.99958520,6
923,933,0.99896848,54
925,926,0.93294722,23
925,928,0.97227503,18
925,1164,0.96729794,24
925,1165,0.99835681,46
926,928,0.87149595,11
926,1164,0.86628819,11
926,1165,0.93786978,23
928,1164,0.99949541,30
928,1165,0.97153607,20
929,1149,0.76651571,12
930,982,0.99979701,14
930,1009,0.93765509,6
930,1092,0.99121114,7
931,950,0.73584291,3
931,978,0.73612001,3
931,1016,0.98727534,12
931,1025,0.95273452,5
931,1039,0.97718924,12
931,1040,0.93823641,13
931,1043,0.96930816,6
931,1238,0.70796208,5
931,1258,0.71779091,7
932,965,0.97639588,5
932,967,0.97623598,4
932,1015,0.93425182,10
937,938,0.82709883,60
940,942,0.76785932,14
940,1030,0.99710116,30
940,1035,0.86802202,20
940,1278,0.99920873,23
941,1032,0.99390485,48
942,943,0.99653047,22
942,957,0.98197267,12
942,1035,0.95335657,16
942,1038,0.97435883,12
942,1220,0.96798056,8
942,1279,0.99618120,18
942,1295,0.97009743,12
943,957,0.98487369,13
943,1035,0.93484031,19
943,1038,0.97265538,13
943,1220,0.96697778,9
943,1279,0.99496327,20
943,1295,0.96977958,13
946,1045,0.98781741,149
946,1108,0.99750096,140
946,1299,0.96596768,148
946,1300,0.70770372,108
947,949,0.78041846,128
947,1046,0.97101012,134
947,1047,0.92141029,42
947,1109,0.99368856,140
947,1111,0.74558978,98
947,1300,0.89935633,105
948,949,0.90482015,133
948,1110,0.99164459,121
948,1111,0.81811942,104
949,1046,0.73426164,114
949,1047,0.73212481,42
949,1109,0.79064672,126
949,1110,0.90697149,109
949,1111,0.91855256,100
949,1300,0.81491547,100
950,978,0.99954637,6
950,1025,0.74170527,2
950,1043,0.82639634,4
950,1238,0.95021673,5
950,1258,0.95354355,6
951,1101,0.98725091,138
951,1104,0.74029888,80
953,1088,0.95325237,46
953,1275,0.86300997,45
954,963,0.85466893,7
954,964,0.80339378,2
954,968,0.70081655,3
954,1207,0.99948845,13
954,1227,0.99736823,12
954,1379,0.99984450,8
954,1380,0.99236123,7
956,1029,0.99715632,20
957,1035,0.92800582,13
957,1038,0.96733951,11
957,1220,0.96115416,8
957,1279,0.98274610,12
957,1295,0.96413988,10
959,1031,0.98835495,24
959,1084,0.93363391,20
959,1184,0.92570177,14
959,1210,0.92403207,17
959,1213,0.93055340,23
962,1208,0.97994360,42
963,964,0.97014884,20
963,968,0.91588496,32
963,1207,0.85539473,10
963,1227,0.85344267,12
963,1379,0.85532050,7
963,1380,0.86162057,26
963,1495,0.73113148,37
964,968,0.95982299,19
964,1207,0.80430354,3
964,1227,0.80237886,5
964,1379,0.80421499,3
964,1380,0.80955355,11
964,1495,0.74481118,19
965,967,0.99871392,6
965,1015,0.95634100,7
967,1015,0.95561509,7
968,1207,0.70175719,6
968,1379,0.70156601,3
968,1380,0.70580239,16
968,1495,0.71382469,28
971,1157,0.79158861,74
971,1354,0.95148020,93
971,1355,0.93935604,56
972,1157,0.84491479,81
972,1158,0.78139178,70
972,1355,0.70169802,57
975,1048,0.99358709,4
976,1055,0.76124214,8
976,1236,0.71764919,8
977,1003,0.99986320,16
977,1004,0.99863945,5
977,1053,0.99983922,10
977,1064,0.99939366,15
977,1069,0.99361316,3
977,1082,0.99922750,9
977,1132,0.99936340,4
977,1137,0.99916609,13
977,1139,0.99427225,5
978,1025,0.74197909,2
978,1043,0.82654327,3
978,1238,0.95054648,6
978,1258,0.95384098,6
979,1153,0.80670486,40
979,1196,0.81731025,41
980,1016,0.94902545,17
980,1039,0.96640957,14
980,1040,0.96943762,15
980,1220,0.95279493,20
980,1295,0.95288921,19
982,1009,0.93718446,4
982,1092,0.99094785,6
985,986,0.97359328,18
987,988,0.92534462,108
987,1050,0.97860527,91
987,1074,0.91625318,102
987,1079,0.99969952,116
987,1122,0.98663479,79
988,1050,0.90751169,81
988,1074,0.99916061,107
988,1079,0.92516970,100
988,1080,0.73662007,54
988,1122,0.91412683,70
990,1058,0.94568004,148
990,1077,0.96592704,125
990,1128,0.96966708,135
991,1059,0.92399138,131
991,1080,0.72988898,86
991,1081,0.71495771,66
991,1129,0.73753893,130
992,993,0.82385387,30
992,1002,0.75556539,20
993,1002,0.95905530,31
993,1061,0.90941530,89
993,1063,0.89640408,96
993,1068,0.87861411,25
996,1056,0.99386097,46
996,1121,0.99431301,52
996,1130,0.81213262,39
996,1131,0.70503514,15
996,1134,0.75949591,22
996,1239,0.98816249,49
996,1259,0.98848795,46
998,1066,0.88540834,95
998,1406,0.97234238,5
999,1051,0.98663802,104
999,1075,0.95770079,106
999,1126,0.93159622,93
1000,1054,0.99965125,9
1000,1078,0.99826753,4
1000,1116,0.99872425,3
1000,1133,0.99968025,10
1001,1052,0.97235067,151
1001,1076,0.98038582,124
1001,1127,0.88665657,83
1002,1061,0.88530118,28
1002,1062,0.74761171,22
1002,1063,0.88142689,30
1002,1068,0.88100879,15
1003,1004,0.99903636,5
1003,1053,0.99986123,11
1003,1064,0.99933880,14
1003,1069,0.99444063,3
1003,1082,0.99863362,9
1003,1132,0.99965357,6
1003,1137,0.99933536,12
1003,1139,0.99488414,5
1004,1053,0.99889070,5
1004,1064,0.99937818,6
1004,1069,0.99612518,4
1004,1082,0.99684134,5
1004,1132,0.99926530,3
1004,1137,0.99974925,6
1004,1139,0.99618361,6
1007,1148,0.98714809,24
1008,1089,0.99828967,29
1008,1091,0.85635528,10
1008,1094,0.98653419,20
1008,1286,0.99755658,16
1008,1287,0.98919673,10
1009,1092,0.95444272,11
1016,1025,0.95118145,5
1016,1039,0.99346729,14
1016,1040,0.97010232,15
1016,1043,0.95545021,6
1020,1023,0.80130972,55
1020,1144,0.84256219,47
1020,1234,0.78784165,55
1020,1235,0.83199074,54
1021,1142,0.97519091,119
1022,1023,0.75711413,104
1022,1143,0.98065394,129
1022,1144,0.74773856,65
1022,1234,0.74039135,120
1022,1235,0.73561817,97
1023,1143,0.75339290,95
1023,1144,0.97557596,65
1023,1234,0.99206686,101
1023,1235,0.98916229,91
1025,1039,0.94980170,5
1025,1040,0.91066924,5
1025,1043,0.94915294,5
1025,1238,0.71127162,4
1025,1258,0.72089425,5
1026,1030,0.71990171,6
1028,1620,0.95001218,5
1028,1701,0.96544011,3
1028,1706,0.94622302,7
1030,1035,0.83176124,19
1030,1278,0.99917910,22
1031,1084,0.90974399,26
1031,1184,0.90091516,13
1031,1210,0.90123617,25
1031,1213,0.90751003,28
1034,1152,0.97228592,17
1035,1036,0.72531824,17
1035,1038,0.93261993,16
1035,1220,0.92496449,10
1035,1278,0.85056129,16
1035,1279,0.95181148,19
1035,1295,0.92533811,14
1037,1294,0.99299167,54
1038,1220,0.99838583,22
1038,1279,0.97443419,11
1038,1295,0.99814114,23
1039,1040,0.96808026,14
1039,1043,0.95273843,6
1040,1043,0.89195065,7
1041,1044,0.99872068,3
1043,1238,0.78968959,5
1043,1258,0.79911985,4
1045,1108,0.99114504,137
1045,1299,0.96773592,141
1045,1300,0.70442847,108
1046,1047,0.90691208,41
1046,1109,0.96662787,127
1046,1300,0.85846844,99
1047,1109,0.92524617,43
1047,1111,0.71546559,42
1047,1300,0.84103630,37
1049,1147,0.95728617,10
1049,1670,0.72961931,8
1050,1074,0.89959545,76
1050,1079,0.97875056,77
1050,1122,0.99690394,78
1051,1075,0.95887919,155
1051,1126,0.94285388,133
1052,1076,0.96181327,108
1052,1127,0.93735830,83
1053,1064,0.99935447,8
1053,1069,0.99408153,3
1053,1082,0.99889748,9
1053,1132,0.99954115,5
1053,1137,0.99924824,7
1053,1139,0.99462762,5
1054,1078,0.99824379,4
1054,1116,0.99885342,4
1054,1133,0.99982870,10
1055,1117,0.86045823,30
1055,1236,0.94544885,27
1056,1121,0.99906443,58
1056,1130,0.81303426,43
1056,1131,0.70629078,18
1056,1134,0.76088398,24
1056,1239,0.99359113,52
1056,1259,0.99299153,52
1058,1077,0.94731266,119
1058,1128,0.95730490,144
1059,1081,0.70620736,69
1059,1129,0.83529514,132
1059,1199,0.77303370,128
1060,1061,0.70658636,52
1061,1063,0.98781277,103
1061,1068,0.95074530,28
1062,1083,0.88198865,25
1062,1140,0.77166272,22
1063,1068,0.96605413,28
1064,1069,0.99466848,6
1064,1082,0.99860275,6
1064,1132,0.99906839,3
1064,1137,0.99984765,16
1064,1139,0.99534978,8
1066,1406,0.82675592,4
1069,1082,0.99073572,3
1069,1132,0.99507386,3
1069,1137,0.99570179,5
1069,1139,0.99719216,5
1072,1086,0.99109915,73
1072,1096,0.71559008,75
1072,1115,0.85484901,84
1072,1157,0.72661590,82
1072,1158,0.80511845,69
1072,1174,0.72243494,86
1072,1175,0.82719579,42
1072,1218,0.83520042,85
1073,1087,0.98602023,9
1074,1079,0.91615639,98
1074,1080,0.73778304,54
1074,1122,0.90557887,67
1075,1126,0.98859074,147
1076,1127,0.90109364,80
1077,1128,0.97835148,128
1078,1116,0.99824983,3
1078,1133,0.99819292,4
1079,1122,0.98671903,72
1080,1081,0.88599494,65
1082,1132,0.99784855,4
1082,1137,0.99780793,6
1082,1139,0.99192820,5
1083,1140,0.96149806,20
1084,1184,0.99911911,18
1084,1210,0.99848658,29
1084,1213,0.99638195,33
1086,1096,0.70676310,62
1086,1115,0.84248790,65
1086,1158,0.78789655,58
1086,1174,0.70414911,65
1086,1175,0.81768974,40
1086,1218,0.81581680,65
1088,1275,0.96695588,88
1089,1091,0.85692466,9
1089,1094,0.99013562,21
1089,1286,0.99923063,17
1089,1287,0.98954621,11
1090,1209,0.79212883,9
1091,1094,0.84423589,8
1091,1286,0.85753146,8
1091,1287,0.86357772,22
1094,1286,0.98520531,14
1094,1287,0.97456775,10
1097,1098,0.84770134,172
1101,1104,0.73933119,90
1102,1103,0.70504700,140
1102,1104,0.82421910,94
1102,1105,0.83093658,82
1103,1104,0.84345192,101
1103,1105,0.91775003,86
1104,1105,0.91347335,80
1106,1521,0.99868819,4
1108,1299,0.96580476,135
1108,1300,0.70625439,105
1109,1111,0.75753117,97
1109,1300,0.90889084,107
1110,1111,0.82548763,94
1111,1300,0.79405265,83
1115,1175,0.74068972,38
1115,1218,0.72832880,76
1116,1133,0.99879221,4
1117,1236,0.87853166,28
1118,1119,0.99947968,31
1121,1130,0.81079157,45
1121,1131,0.70604112,17
1121,1134,0.76030052,25
1121,1239,0.99105068,58
1121,1259,0.99072539,56
1127,1134,0.72060415,63
1129,1130,0.76714177,129
1129,1131,0.76322800,58
1129,1134,0.78646539,83
1129,1135,0.86941672,143
1130,1131,0.87899795,58
1130,1134,0.94938999,84
1130,1135,0.86916862,134
1130,1239,0.80964779,45
1130,1259,0.80938268,44
1131,1134,0.94740468,53
1131,1135,0.89002037,61
1131,1136,0.72352952,54
1131,1239,0.70078354,17
1131,1259,0.70085021,18
1132,1137,0.99926009,3
1132,1139,0.99524011,3
1134,1135,0.90821002,86
1134,1239,0.75632323,24
1134,1259,0.75611984,23
1137,1139,0.99621247,8
1138,1344,0.75047659,30
1143,1144,0.73936857,62
1143,1234,0.73384390,105
1143,1235,0.72887080,90
1144,1234,0.97652412,69
1144,1235,0.98108906,67
1147,1498,0.71291422,13
1147,1545,0.78501794,15
1147,1603,0.81402615,13
1147,1608,0.81662381,13
1147,1627,0.79857947,17
1147,1670,0.89239226,14
1147,1689,0.82546976,12
1148,1389,0.90647758,7
1153,1196,0.99376526,47
1157,1158,0.93910320,72
1157,1174,0.78630112,78
1157,1175,0.79194011,41
1157,1218,0.71692156,78
1157,1354,0.78804925,77
1157,1355,0.81181585,56
1158,1174,0.77833893,67
1158,1175,0.88457067,45
1158,1218,0.73470744,66
1159,1173,0.99776711,8
1159,1219,0.99980380,11
1159,1293,0.99947159,5
1160,1171,0.95198048,156
1160,1172,0.79276007,120
1160,1200,0.97968235,195
1160,1202,0.77244143,140
1160,1215,0.97346533,145
1160,1246,0.96880989,192
1160,1262,0.96761355,170
1160,1326,0.96562030,146
1160,1329,0.95945051,106
1161,1162,0.94364932,103
1161,1197,0.84881350,79
1161,1201,0.87469542,131
1161,1202,0.78980620,126
1161,1205,0.74917809,89
1161,1247,0.75954729,135
1161,1263,0.75811296,125
1161,1303,0.80385420,122
1161,1304,0.80577063,65
1161,1327,0.72999890,57
1161,1330,0.74196896,48
1161,1332,0.72652739,63
1162,1172,0.75226407,100
1162,1197,0.84124155,74
1162,1201,0.88268520,106
1162,1202,0.83649389,105
1162,1205,0.78392455,83
1162,1216,0.77402479,91
1162,1247,0.81823575,99
1162,1263,0.81981935,103
1162,1303,0.77997296,84
1162,1304,0.78659854,54
1162,1327,0.74249837,51
1162,1330,0.75702728,45
1162,1332,0.77130699,55
1163,1179,0.99992027,15
1163,1203,0.99960541,15
1163,1217,0.99991652,11
1163,1250,0.99950272,5
1163,1257,0.99928459,11
1163,1266,0.99992686,12
1163,1270,0.99905000,6
1164,1165,0.96661516,23
1170,1221,0.89735579,58
1170,1225,0.74086142,55
1170,1285,0.84291630,7
1170,1289,0.90463555,48
1171,1172,0.92172072,122
1171,1178,0.75291639,70
1171,1200,0.98270455,174
1171,1202,0.85053391,135
1171,1215,0.96727281,138
1171,1216,0.81339506,93
1171,1246,0.90842814,168
1171,1262,0.90733722,155
1171,1326,0.92861141,138
1171,1329,0.92458291,107
1172,1178,0.91599726,73
1172,1197,0.71029404,71
1172,1200,0.86228824,128
1172,1202,0.90655511,121
1172,1215,0.83271227,115
1172,1216,0.92921443,96
1172,1246,0.71426111,125
1172,1262,0.71283120,120
1172,1326,0.74989079,109
1172,1329,0.74427707,88
1173,1219,0.99767162,9
1173,1293,0.99721860,8
1174,1175,0.91573071,46
1175,1218,0.73591913,39
1176,1178,0.80689789,33
1177,1204,0.99707788,194
1177,1245,0.94402418,167
1177,1261,0.93837486,170
1178,1202,0.80648921,73
1178,1216,0.85622268,70
1179,1203,0.99962094,14
1179,1217,0.99988172,11
1179,1250,0.99959880,5
1179,1257,0.99934533,13
1179,1266,0.99994499,14
1179,1270,0.99916991,6
1184,1210,0.99803699,15
1184,1213,0.99352378,14
1185,1186,0.99180051,2
1185,1190,0.99150692,2
1185,1191,0.98625556,2
1185,1212,0.98977010,2
1186,1190,0.99904870,5
1186,1191,0.99392973,4
1186,1212,0.99785852,4
1188,1189,0.92412819,10
1188,1192,0.99962203,51
1188,1211,0.99630227,22
1189,1192,0.93275375,10
1189,1211,0.91027797,9
1190,1191,0.99364425,5
1190,1212,0.99679041,4
1191,1212,0.99126307,3
1192,1211,0.99486616,22
1195,1271,0.75900797,16
1197,1201,0.72607842,76
1197,1202,0.71010158,70
1197,1216,0.75752899,61
1200,1202,0.82695772,155
1200,1215,0.98143992,158
1200,1216,0.74891673,96
1200,1246,0.95254198,220
1200,1262,0.95163868,191
1200,1326,0.95894903,156
1200,1329,0.95340009,111
1201,1202,0.85566296,131
1201,1205,0.84818376,98
1201,1216,0.71392157,93
1201,1247,0.77117677,131
1201,1263,0.77128364,134
1201,1303,0.74843401,110
1201,1304,0.74939272,60
1201,1327,0.82899864,59
1201,1330,0.83159443,48
1201,1332,0.76559400,62
1202,1205,0.84567086,97
1202,1215,0.78272795,128
1202,1216,0.91099663,95
1202,1246,0.70425052,152
1202,1262,0.70205540,140
1202,1326,0.72801677,127
1202,1329,0.72126916,96
1203,1217,0.99966503,13
1203,1250,0.99948621,5
1203,1257,0.99911851,11
1203,1266,0.99967016,12
1203,1270,0.99902521,6
1204,1245,0.94323252,158
1204,1261,0.93820803,154
1205,1216,0.75844850,74
1205,1248,0.70586390,59
1205,1327,0.70715374,54
1205,1330,0.71201198,49
1206,1254,0.96820093,44
1206,1269,0.96615395,55
1207,1227,0.99891573,25
1207,1379,0.99969353,10
1207,1380,0.99307995,12
1209,1276,0.76167202,9
1209,1277,0.77744207,10
1210,1213,0.99687157,32
1214,1230,0.98922378,24
1214,1296,0.97908958,26
1215,1216,0.74240156,94
1215,1246,0.96287108,155
1215,1262,0.96229266,150
1215,1326,0.95948369,124
1215,1329,0.95418567,97
1217,1250,0.99960275,7
1217,1257,0.99927298,9
1217,1266,0.99991966,11
1217,1270,0.99911517,8
1219,1293,0.99942123,6
1219,1339,0.99605561,9
1220,1279,0.96847173,9
1220,1295,0.99960761,20
1221,1225,0.71251162,59
1221,1285,0.84444340,9
1221,1289,0.90089050,47
1223,1321,0.79611767,4
1225,1280,0.84487509,70
1225,1282,0.98267008,66
1226,1233,0.99878060,5
1226,1281,0.99531749,4
1227,1379,0.99779804,11
1227,1380,0.99069680,16
1230,1296,0.99738950,25
1232,1280,0.72385728,79
1233,1281,0.99636800,12
1234,1235,0.98834744,98
1238,1258,0.99969152,33
1239,1259,0.99969193,57
1242,1260,0.99829258,109
1245,1261,0.99806347,174
1246,1262,0.99864045,210
1246,1326,0.96838706,156
1246,1329,0.96313000,113
1247,1263,0.99701282,170
1247,1303,0.78384736,110
1247,1304,0.79284390,60
1247,1327,0.81626563,56
1247,1330,0.82421958,47
1247,1332,0.91312926,61
1248,1249,0.74108163,27
1248,1253,0.80468453,81
1248,1255,0.82089124,78
1248,1264,0.92756974,52
1248,1265,0.75946550,82
1248,1268,0.81277189,80
1249,1253,0.97651814,29
1249,1255,0.96293900,29
1249,1256,0.90015066,28
1249,1264,0.80973448,23
1249,1265,0.98267801,32
1249,1268,0.97486587,30
1250,1257,0.99934385,4
1250,1266,0.99967366,5
1250,1270,0.99945188,6
1252,1267,0.99966697,7
1253,1255,0.98192198,136
1253,1256,0.89201304,57
1253,1264,0.86034904,56
1253,1265,0.99208185,149
1253,1268,0.99589644,137
1254,1269,0.99910617,83
1255,1256,0.88310903,59
1255,1264,0.86933687,55
1255,1265,0.97446903,137
1255,1268,0.98173806,125
1256,1264,0.73734156,35
1256,1265,0.91241054,57
1256,1268,0.89092935,55
1257,1266,0.99937296,13
1257,1270,0.99985887,8
1262,1326,0.96952357,145
1262,1329,0.96353764,105
1263,1303,0.78200335,104
1263,1304,0.79104864,58
1263,1327,0.81582926,55
1263,1330,0.82594799,50
1263,1332,0.91399794,63
1264,1265,0.82385772,56
1264,1268,0.86646918,54
1265,1268,0.99002739,133
1266,1270,0.99922854,9
1271,1284,0.76909166,17
1272,1284,0.99058024,35
1276,1277,0.99939010,21
1279,1295,0.97020538,10
1280,1282,0.83129261,67
1285,1289,0.97241005,11
1286,1287,0.99024811,10
1288,1391,0.70806934,18
1290,1298,0.99983659,5
1290,1306,0.99950065,6
1290,1349,0.99797917,4
1290,1358,0.99972733,5
1290,1363,0.99977332,5
1290,1376,0.99960980,5
1291,1365,0.99755587,70
1291,1373,0.99787864,66
1292,1297,0.99457897,78
1292,1305,0.99520759,81
1292,1319,0.95331000,79
1292,1333,0.88219869,83
1292,1357,0.99132350,81
1292,1361,0.99079358,60
1292,1374,0.98819338,64
1292,1375,0.78011098,57
1292,1377,0.75672413,43
1292,1390,0.98881129,77
1297,1305,0.99541326,81
1297,1319,0.95368709,81
1297,1333,0.88454357,86
1297,1357,0.99097526,81
1297,1361,0.99223922,60
1297,1374,0.98823710,67
1297,1375,0.77106728,58
1297,1377,0.75832077,44
1297,1390,0.98783667,78
1298,1306,0.99965182,6
1298,1349,0.99820323,5
1298,1358,0.99969989,5
1298,1363,0.99974354,5
1298,1376,0.99956061,4
1299,1300,0.74456527,115
1301,1311,0.93388320,64
1301,1316,0.70903104,65
1301,1317,0.71064331,43
1301,1340,0.86372082,56
1301,1345,0.79474425,65
1301,1346,0.81210212,53
1302,1310,0.99976483,7
1302,1318,0.99935109,6
1302,1325,0.98511081,5
1302,1336,0.99963121,5
1302,1347,0.99931834,5
1302,1352,0.99787058,6
1302,1359,0.99963495,5
1303,1304,0.98250198,64
1303,1327,0.89247685,57
1303,1330,0.89525960,48
1303,1332,0.84880592,62
1304,1327,0.87987282,46
1304,1330,0.88315386,39
1304,1332,0.84608971,49
1305,1319,0.96043534,80
1305,1333,0.89212973,84
1305,1357,0.99155849,83
1305,1361,0.99252308,60
1305,1374,0.98974360,66
1305,1375,0.78358506,59
1305,1377,0.75093024,43
1305,1390,0.98705827,78
1306,1349,0.99894138,7
1306,1358,0.99945578,6
1306,1363,0.99932255,5
1306,1376,0.99925049,5
1307,1323,0.78527928,16
1307,1341,0.95124724,8
1307,1414,0.96264562,13
1307,1444,0.96252792,12
1307,1446,0.96377162,14
1307,1448,0.96354533,13
1307,1450,0.96309083,11
1307,1506,0.96527926,16
1307,1508,0.96055529,16
1310,1318,0.99961916,6
1310,1325,0.98542406,6
1310,1336,0.99960814,5
1310,1347,0.99961732,7
1310,1352,0.99773916,7
1310,1359,0.99983175,6
1311,1315,0.70690028,23
1311,1317,0.74674991,45
1311,1337,0.74585737,32
1311,1340,0.93175180,63
1311,1345,0.75897471,71
1311,1346,0.84189280,59
1311,1360,0.70384959,66
1312,1320,0.99297054,40
1313,1314,0.87544740,4
1315,1337,0.96811920,22
1315,1346,0.75893682,31
1315,1348,0.98137752,32
1316,1317,0.87971165,53
1316,1335,0.76028945,75
1316,1345,0.95702118,97
1316,1346,0.78735423,62
1317,1340,0.72969731,45
1317,1345,0.79873171,51
1317,1346,0.91833435,49
1318,1325,0.98573127,5
1318,1336,0.99896714,6
1318,1347,0.99987535,6
1318,1352,0.99763657,5
1318,1359,0.99982744,6
1319,1333,0.95761307,91
1319,1357,0.95023156,81
1319,1361,0.94775892,62
1319,1374,0.95668647,67
1319,1375,0.76458806,58
1319,1377,0.70725803,44
1319,1390,0.94069146,79
1325,1336,0.98466931,4
1325,1347,0.98568987,5
1325,1352,0.98435462,16
1325,1359,0.98564682,7
1326,1329,0.99651478,111
1327,1330,0.98911334,44
1327,1332,0.91387228,52
1328,1331,0.99990120,14
1330,1332,0.91630390,44
1333,1357,0.88003515,87
1333,1361,0.87408908,62
1333,1374,0.89352087,68
1333,1375,0.72137201,59
1333,1390,0.86435367,81
1335,1345,0.76558152,78
1336,1347,0.99895465,4
1336,1352,0.99702946,4
1336,1359,0.99940990,4
1337,1340,0.72004088,32
1337,1346,0.70892435,31
1337,1348,0.97910179,28
1340,1345,0.75442446,67
1340,1346,0.84915483,57
1340,1360,0.76150133,65
1341,1356,0.77149878,13
1341,1414,0.96184893,8
1341,1444,0.96207175,8
1341,1446,0.96324301,8
1341,1448,0.96303433,8
1341,1450,0.96232853,8
1341,1506,0.96485603,8
1341,1508,0.95989152,9
1342,1343,0.99484957,34
1345,1346,0.79988524,64
1346,1348,0.72217008,47
1346,1360,0.81518170,66
1347,1352,0.99758338,4
1347,1359,0.99977841,4
1349,1358,0.99834940,7
1349,1363,0.99791921,4
1349,1376,0.99773135,4
1351,1362,0.90779661,48
1351,1367,0.86568364,59
1351,1375,0.87644287,56
1352,1359,0.99772305,7
1354,1355,0.98377022,61
1357,1361,0.98861615,60
1357,1374,0.98168374,67
1357,1375,0.76630288,58
1357,1377,0.77004816,45
1357,1390,0.99082763,82
1358,1363,0.99970782,5
1358,1376,0.99950217,5
1361,1374,0.98226132,55
1361,1375,0.77029528,49
1361,1377,0.75845796,40
1361,1390,0.98660432,61
1362,1367,0.94669165,54
1362,1375,0.96143395,52
1363,1376,0.99954351,5
1364,1377,0.80911330,49
1365,1373,0.99895094,68
1366,1371,0.99921115,48
1367,1374,0.70770085,61
1367,1375,0.93207382,67
1374,1375,0.79527188,53
1374,1377,0.73397685,43
1374,1390,0.97444199,63
1375,1377,0.73220162,43
1375,1390,0.75015810,57
1377,1390,0.78316444,44
1379,1380,0.99306935,6
1382,1396,0.92576658,19
1382,1404,0.92120251,18
1382,1418,0.93105443,20
1382,1419,0.92781222,19
1383,1384,0.99869048,20
1383,1393,0.96864318,18
1383,1394,0.96741745,18
1383,1412,0.97749059,18
1383,1413,0.97079943,17
1383,1417,0.97323922,17
1384,1393,0.96892316,18
1384,1394,0.96784932,18
1384,1412,0.97860373,19
1384,1413,0.97081343,17
1384,1417,0.97304483,16
1385,1386,0.99664399,17
1387,1397,0.99166987,12
1387,1400,0.99343182,11
1393,1394,0.99901241,25
1393,1412,0.97150981,19
1393,1413,0.96569612,18
1393,1417,0.96776696,18
1394,1412,0.97036198,19
1394,1413,0.96456339,18
1394,1417,0.96648288,18
1395,1398,0.99800569,24
1395,1415,0.98861080,18
1395,1416,0.98998933,15
1396,1404,0.99851810,26
1396,1418,0.92080809,20
1396,1419,0.91899276,22
1397,1400,0.99819884,18
1398,1415,0.98837275,16
1398,1416,0.98925332,17
1399,1401,0.99832786,25
1402,1403,0.99879998,16
1402,1635,0.70999161,6
1402,1693,0.70108589,6
1403,1625,0.70384957,6
1403,1635,0.71753408,7
1403,1674,0.70049348,6
1403,1693,0.70845411,6
1404,1418,0.91716241,17
1404,1419,0.91607769,19
1411,1511,0.81042557,9
1411,1512,0.90082730,19
1411,1527,0.80353887,8
1411,1547,0.78806820,7
1411,1737,0.73273242,4
1411,1741,0.89142235,6
1411,1742,0.89670592,7
1411,1743,0.74251937,7
1411,1746,0.70319814,2
1412,1413,0.99684464,24
1412,1417,0.99704271,24
1413,1417,0.99817356,24
1414,1444,0.97575804,12
1414,1446,0.97696590,14
1414,1448,0.97712055,14
1414,1450,0.97750150,14
1414,1506,0.97843377,15
1414,1508,0.97478004,19
1415,1416,0.99877443,24
1418,1419,0.99781597,33
1420,1425,0.98038116,33
1420,1426,0.99629966,49
1420,1429,0.99808299,47
1420,1430,0.98357155,34
1420,1471,0.99622766,45
1420,1472,0.98885022,37
1420,1475,0.98675401,37
1420,1476,0.99588361,51
1420,1481,0.97994150,34
1420,1669,0.99270548,35
1421,1425,0.99766956,36
1421,1426,0.97980327,26
1421,1430,0.99112555,35
1421,1471,0.97633536,26
1421,1472,0.98826848,35
1421,1475,0.97778680,26
1421,1477,0.99473248,33
1421,1481,0.99603003,35
1421,1556,0.98006961,26
1421,1557,0.99350695,34
1421,1668,0.75764678,25
1422,1424,0.70469907,12
1422,1427,0.99478045,38
1422,1431,0.99521508,37
1422,1473,0.96827136,41
1422,1474,0.73806084,13
1422,1479,0.96451589,43
1422,1480,0.77784249,9
1422,1482,0.96836753,40
1422,1553,0.87229262,39
1422,1573,0.78166311,20
1422,1668,0.87117815,38
1423,1428,0.99851532,9
1423,1432,0.99880547,23
1424,1427,0.71738743,9
1424,1431,0.71291472,10
1424,1433,0.83763496,11
1425,1426,0.98529170,33
1425,1429,0.98152244,32
1425,1430,0.99569107,47
1425,1471,0.98266698,31
1425,1472,0.99469468,44
1425,1475,0.98126772,30
1425,1477,0.99476182,39
1425,1481,0.99822886,43
1425,1556,0.97998920,28
1425,1557,0.99594030,40
1426,1429,0.99873924,48
1426,1430,0.98180848,37
1426,1467,0.86589849,18
1426,1471,0.99887123,45
1426,1472,0.98654853,36
1426,1475,0.99594743,34
1426,1476,0.99604803,49
1426,1477,0.98133359,32
1426,1481,0.98608192,33
1426,1556,0.98684116,31
1426,1557,0.98638238,30
1426,1669,0.99731406,36
1427,1431,0.99582806,34
1427,1473,0.96807989,39
1427,1474,0.75113793,9
1427,1479,0.96575097,38
1427,1480,0.79201221,8
1427,1482,0.97038095,38
1427,1553,0.87234905,39
1427,1573,0.78216972,18
1427,1668,0.87379498,37
1428,1432,0.99756153,9
1429,1430,0.98053583,35
1429,1464,0.84496383,19
1429,1471,0.99944924,46
1429,1472,0.98644329,38
1429,1475,0.99413859,35
1429,1476,0.99844693,49
1429,1481,0.98330535,33
1429,1556,0.98240809,32
1429,1557,0.98390314,30
1429,1669,0.99793687,40
1430,1471,0.97959626,37
1430,1472,0.99827286,50
1430,1473,0.77082859,41
1430,1477,0.98340093,42
1430,1481,0.99232462,47
1430,1557,0.98897918,44
1431,1473,0.97091355,37
1431,1474,0.75194259,12
1431,1479,0.96974426,39
1431,1480,0.79191859,9
1431,1482,0.97344968,39
1431,1553,0.87956626,38
1431,1573,0.79116512,20
1431,1668,0.87995686,35
1435,1469,0.97893488,55
1435,1478,0.99411064,51
1435,1510,0.95430699,39
1435,1523,0.80363360,40
1435,1597,0.97311105,43
1435,1599,0.99020059,45
1435,1662,0.85945708,33
1435,1678,0.95269110,40
1435,1738,0.95236328,34
1437,1537,0.99650142,72
1438,1499,0.99830350,34
1438,1713,0.99790381,23
1438,1714,0.95115518,16
1438,1716,0.97128566,18
1439,1441,0.99931478,16
1439,1501,0.99831806,16
1439,1516,0.99784803,12
1439,1536,0.99650050,14
1439,1614,0.99569519,12
1439,1744,0.99603149,9
1439,1748,0.99492474,5
1440,1443,0.99945153,18
1440,1445,0.99925953,16
1440,1457,0.99734212,20
1440,1463,0.80031260,19
1440,1503,0.87910274,18
1440,1509,0.83271409,14
1441,1501,0.99633384,14
1441,1516,0.99612980,16
1441,1536,0.99410892,15
1441,1614,0.99303814,12
1441,1744,0.99363969,11
1441,1748,0.99176047,5
1442,1502,0.99775864,15
1442,1515,0.99808375,17
1442,1615,0.99756581,13
1442,1710,0.99769958,10
1442,1715,0.99513762,9
1442,1720,0.99613481,11
1442,1735,0.72179094,3
1443,1445,0.99961371,15
1443,1457,0.99576315,20
1443,1463,0.80100553,20
1443,1503,0.86870625,16
1443,1509,0.82107932,14
1444,1446,0.97632090,14
1444,1448,0.97630398,12
1444,1450,0.97667125,12
1444,1506,0.97797817,17
1444,1508,0.97361013,16
1445,1457,0.99444362,13
1445,1463,0.80076338,17
1445,1503,0.86348265,14
1445,1509,0.81531614,10
1446,1448,0.97730892,14
1446,1450,0.97741771,11
1446,1506,0.99978033,23
1446,1508,0.97456362,17
1448,1450,0.97769103,11
1448,1506,0.97883302,15
1448,1508,0.99958636,20
1450,1506,0.97903697,12
1450,1508,0.97525495,14
1451,1664,0.91290007,63
1451,1665,0.99540193,64
1451,1698,0.99871360,65
1452,1666,0.99416010,24
1452,1700,0.99822979,32
1455,1456,0.99907952,27
1455,1458,0.99956513,28
1455,1459,0.99431493,22
1455,1462,0.91540291,14
1455,1485,0.91334033,12
1455,1524,0.99959529,33
1455,1570,0.77816185,12
1455,1610,0.99925432,27
1455,1711,0.88242212,10
1455,1717,0.91964406,11
1456,1458,0.99809110,24
1456,1459,0.99684657,20
1456,1462,0.90196446,10
1456,1485,0.90038501,11
1456,1524,0.99919537,25
1456,1570,0.78247087,13
1456,1610,0.99904133,24
1456,1711,0.86788357,10
1456,1717,0.90620396,9
1457,1463,0.79730211,21
1457,1503,0.90389328,15
1457,1509,0.86085724,14
1458,1459,0.99200257,21
1458,1462,0.92323024,13
1458,1485,0.92173091,10
1458,1524,0.99929814,28
1458,1570,0.77521707,13
1458,1610,0.99869416,22
1458,1711,0.88846284,8
1458,1717,0.92762419,8
1459,1462,0.87284429,12
1459,1485,0.87104284,13
1459,1524,0.99413659,21
1459,1570,0.78695484,11
1459,1610,0.99511977,21
1459,1711,0.83913577,8
1459,1717,0.87669608,9
1462,1485,0.99472330,29
1462,1524,0.91402375,14
1462,1610,0.91102197,14
1462,1711,0.92318548,8
1462,1717,0.99562800,12
1464,1467,0.96876348,53
1464,1471,0.84538995,18
1464,1472,0.84580051,34
1464,1475,0.84449982,20
1464,1476,0.84692744,21
1464,1477,0.84387957,29
1464,1481,0.84820376,32
1464,1557,0.85142678,26
1464,1669,0.84711164,18
1465,1466,0.99769764,94
1467,1471,0.86964740,18
1467,1475,0.87948485,18
1467,1476,0.86795261,19
1467,1477,0.87837729,28
1467,1481,0.87334676,29
1467,1556,0.87861427,15
1467,1557,0.87963965,24
1467,1669,0.87590063,17
1469,1478,0.99054186,55
1469,1510,0.97466254,56
1469,1523,0.81578757,52
1469,1597,0.99516268,61
1469,1599,0.98738155,53
1469,1662,0.88051202,51
1469,1678,0.97433303,63
1469,1738,0.97414089,53
1470,1600,0.97203954,13
1471,1472,0.98535842,38
1471,1475,0.99646973,37
1471,1476,0.99805366,50
1471,1481,0.98508845,33
1471,1556,0.98665819,31
1471,1557,0.98609358,31
1471,1669,0.99908846,39
1472,1476,0.98056633,38
1472,1477,0.98340201,42
1472,1481,0.99306206,49
1472,1557,0.99032864,43
1473,1474,0.72455290,15
1473,1479,0.99774116,71
1473,1480,0.76028274,9
1473,1482,0.99656349,63
1473,1553,0.94605867,53
1473,1557,0.77153215,36
1473,1573,0.84349736,21
1473,1668,0.94710517,50
1474,1479,0.72289697,12
1474,1480,0.81452127,10
1474,1482,0.73278905,12
1475,1476,0.99244631,37
1475,1477,0.98565470,28
1475,1481,0.98524336,32
1475,1556,0.99573430,32
1475,1557,0.98801599,29
1475,1669,0.99811395,34
1476,1481,0.97666308,31
1476,1556,0.97815869,34
1476,1557,0.97878125,29
1476,1669,0.99730342,40
1477,1481,0.99748840,43
1477,1553,0.73760845,32
1477,1556,0.98966435,28
1477,1557,0.99786605,40
1477,1668,0.76154702,29
1477,1669,0.98085579,29
1478,1510,0.96432793,40
1478,1523,0.81304791,39
1478,1597,0.98513748,45
1478,1599,0.99447027,46
1478,1662,0.86895249,35
1478,1678,0.96261575,39
1478,1738,0.96255795,34
1479,1480,0.76518187,8
1479,1481,0.77912271,41
1479,1482,0.99816025,66
1479,1553,0.95199901,58
1479,1557,0.78023807,37
1479,1573,0.85151389,21
1479,1668,0.95421330,56
1480,1482,0.77359682,8
1480,1553,0.70908790,9
1481,1556,0.98433696,30
1481,1557,0.99874244,43
1481,1669,0.98398465,31
1482,1553,0.95216983,55
1482,1557,0.75739268,33
1482,1573,0.85313959,21
1482,1668,0.95176942,52
1484,1486,0.98688431,16
1484,1492,0.99903600,16
1484,1513,0.99612384,21
1484,1529,0.83814140,22
1484,1587,0.99755767,10
1484,1613,0.83863269,21
1484,1639,0.76619876,22
1484,1652,0.99733608,12
1484,1683,0.85524430,22
1484,1730,0.99735677,14
1484,1731,0.80439838,23
1485,1524,0.91218526,13
1485,1610,0.90918343,15
1485,1711,0.90582437,10
1485,1717,0.99741020,12
1486,1492,0.98765660,14
1486,1513,0.99522674,15
1486,1587,0.98521695,10
1486,1652,0.98561378,11
1486,1683,0.85170199,17
1486,1730,0.98440809,11
1486,1731,0.80366426,17
1489,1496,0.99591337,25
1489,1535,0.99558221,24
1489,1594,0.98512994,26
1489,1606,0.98888692,29
1489,1631,0.99302332,28
1489,1634,0.98765645,27
1489,1680,0.98758274,28
1489,1702,0.98257816,25
1489,1739,0.98592215,28
1490,1522,0.99150604,84
1490,1543,0.98905329,76
1490,1625,0.98407240,70
1490,1635,0.98272528,71
1490,1674,0.98489296,72
1490,1693,0.98502090,72
1491,1526,0.99617239,86
1491,1542,0.99535880,79
1491,1595,0.99235295,77
1491,1607,0.99121525,89
1491,1626,0.99168934,86
1491,1638,0.99033240,75
1491,1682,0.99081200,80
1491,1703,0.97947514,86
1491,1747,0.98591513,82
1492,1513,0.99566859,16
1492,1529,0.83724166,18
1492,1587,0.99898256,10
1492,1613,0.83759024,17
1492,1639,0.76480568,17
1492,1652,0.99883202,11
1492,1683,0.85409819,17
1492,1730,0.99875276,12
1492,1731,0.80325333,18
1493,1497,0.99813644,15
1493,1609,0.99903358,13
1496,1535,0.99378719,26
1496,1594,0.98127340,29
1496,1606,0.98444066,28
1496,1631,0.99187134,31
1496,1634,0.98405438,30
1496,1680,0.98480726,31
1496,1702,0.97915287,29
1496,1739,0.98111458,29
1497,1609,0.99750400,15
1498,1545,0.99274828,31
1498,1603,0.98653374,29
1498,1608,0.98566266,38
1498,1627,0.98976310,38
1498,1670,0.95018369,38
1498,1689,0.98000108,35
1499,1713,0.99859210,24
1499,1714,0.95313107,17
1499,1716,0.97245260,20
1501,1516,0.99936535,12
1501,1536,0.99947151,14
1501,1614,0.99873576,13
1501,1744,0.99923811,9
1501,1748,0.99809390,5
1502,1515,0.99943559,12
1502,1615,0.99930493,11
1502,1710,0.99910891,10
1502,1715,0.99563989,8
1502,1720,0.99665036,11
1502,1735,0.72222943,3
1503,1509,0.99355032,25
1504,1532,0.99478858,77
1504,1554,0.99496343,70
1504,1591,0.99309378,66
1504,1617,0.99260126,74
1504,1648,0.99333692,61
1504,1659,0.99368413,58
1504,1694,0.98879916,54
1504,1734,0.99303740,56
1506,1508,0.97615024,21
1510,1523,0.83539015,54
1510,1597,0.98348634,52
1510,1599,0.97324701,43
1510,1662,0.88792615,51
1510,1678,0.98547325,52
1510,1738,0.98477661,46
1511,1512,0.91076962,13
1511,1527,0.99956400,25
1511,1547,0.99838875,22
1511,1737,0.98356782,14
1511,1741,0.89626469,9
1511,1742,0.91135408,10
1511,1743,0.84555950,10
1511,1746,0.97317487,11
1512,1527,0.90300813,13
1512,1547,0.88896703,10
1512,1737,0.82503433,7
1512,1741,0.95728615,7
1512,1742,0.99818559,12
1512,1743,0.90647521,10
1512,1746,0.79450245,6
1513,1529,0.83939744,21
1513,1587,0.99389822,10
1513,1613,0.83947774,19
1513,1639,0.76802279,21
1513,1652,0.99437957,11
1513,1683,0.85616099,20
1513,1730,0.99414680,13
1513,1731,0.80711194,21
1514,1525,0.72518131,9
1515,1615,0.99926525,11
1515,1710,0.99977342,9
1515,1715,0.99772770,8
1515,1720,0.99861414,10
1515,1735,0.72364878,4
1516,1536,0.99904068,11
1516,1614,0.99807133,10
1516,1744,0.99896824,12
1516,1748,0.99705626,5
1517,1518,0.72477222,14
1517,1519,0.79978562,25
1517,1520,0.89736226,17
1518,1519,0.96825834,21
1518,1520,0.86097992,12
1518,1525,0.78360115,13
1519,1520,0.94034325,17
1522,1543,0.99756294,80
1522,1625,0.99378311,72
1522,1635,0.99051781,72
1522,1674,0.99294412,71
1522,1693,0.99389330,72
1523,1597,0.82818744,46
1523,1599,0.82438789,43
1523,1662,0.75361971,47
1523,1678,0.81788760,51
1523,1738,0.83026706,44
1524,1570,0.77925227,14
1524,1610,0.99928046,29
1524,1711,0.88099201,11
1524,1717,0.91826702,11
1526,1542,0.99811208,90
1526,1595,0.99661549,84
1526,1607,0.99554841,93
1526,1626,0.99625224,98
1526,1638,0.99324283,89
1526,1682,0.99199157,83
1526,1703,0.97775660,96
1526,1747,0.98701419,91
1527,1547,0.99902550,25
1527,1737,0.98596425,13
1527,1741,0.89116625,11
1527,1742,0.90363619,11
1527,1743,0.83886063,9
1527,1746,0.97730541,12
1528,1588,0.98431952,15
1528,1637,0.98430103,16
1528,1727,0.98091755,12
1529,1587,0.83660055,11
1529,1613,0.98457782,91
1529,1639,0.98948713,90
1529,1652,0.83713465,11
1529,1683,0.99306632,86
1529,1730,0.83756184,14
1529,1731,0.99465293,96
1531,1552,0.99750177,65
1531,1601,0.99841105,75
1531,1646,0.99805752,64
1531,1650,0.99848066,72
1531,1675,0.99719824,63
1531,1686,0.99769895,66
1531,1705,0.99814295,74
1531,1726,0.99620834,71
1532,1554,0.99862086,66
1532,1591,0.99620738,62
1532,1617,0.99451618,68
1532,1648,0.99481876,60
1532,1659,0.99789964,55
1532,1694,0.99225833,51
1532,1734,0.99690340,55
1535,1594,0.99027110,27
1535,1606,0.99465584,27
1535,1631,0.99727720,28
1535,1634,0.99445826,27
1535,1680,0.99467364,28
1535,1702,0.99190610,26
1535,1739,0.99260858,27
1536,1614,0.99923513,13
1536,1744,0.99973503,9
1536,1748,0.99788237,5
1541,1596,0.99188800,17
1541,1612,0.98997201,18
1541,1636,0.98737943,18
1541,1681,0.98991873,17
1541,1692,0.98796981,18
1541,1723,0.79573720,10
1541,1740,0.98792384,17
1542,1595,0.99743216,85
1542,1607,0.99624564,88
1542,1626,0.99694087,92
1542,1638,0.99524016,84
1542,1682,0.99379661,82
1542,1703,0.97973286,90
1542,1747,0.98921631,88
1543,1625,0.99676905,68
1543,1635,0.99471842,72
1543,1674,0.99566782,69
1543,1693,0.99685757,73
1545,1603,0.99833394,29
1545,1608,0.99676095,34
1545,1627,0.99761767,36
1545,1670,0.97746010,37
1545,1689,0.99336104,33
1546,1590,0.93802062,13
1546,1604,0.92630622,10
1546,1618,0.92215966,13
1546,1645,0.96142279,15
1546,1663,0.96271697,15
1546,1729,0.91995647,8
1547,1737,0.99054059,13
1547,1741,0.87501127,9
1547,1742,0.88941108,10
1547,1743,0.83337754,8
1547,1746,0.98305903,11
1552,1601,0.99749715,63
1552,1646,0.99802783,60
1552,1650,0.99731934,62
1552,1675,0.99745781,56
1552,1686,0.99600295,57
1552,1705,0.99728235,64
1552,1726,0.99692683,61
1553,1557,0.73578120,29
1553,1573,0.92944999,25
1553,1668,0.97630208,56
1554,1591,0.99450899,60
1554,1617,0.99522939,65
1554,1648,0.99723535,59
1554,1659,0.99873506,55
1554,1694,0.99156391,53
1554,1734,0.99779973,56
1556,1557,0.98682128,28
1556,1669,0.98979412,31
1557,1669,0.98615996,26
1559,1567,0.76317271,15
1559,1568,0.94121273,44
1559,1572,0.78820532,20
1559,1575,0.79541352,23
1559,1576,0.95795769,22
1559,1577,0.92394798,20
1559,1578,0.90608641,15
1559,1579,0.91683178,23
1559,1580,0.93674633,15
1559,1582,0.83591376,13
1559,1583,0.87824984,19
1559,1584,0.85073218,17
1559,1586,0.95296528,25
1563,1566,0.97690312,7
1563,1569,0.94898451,13
1563,1581,0.96856682,4
1566,1569,0.98948148,6
1566,1581,0.99815900,5
1567,1568,0.70448979,17
1567,1576,0.81707991,18
1567,1580,0.72131139,15
1567,1582,0.95272505,16
1567,1583,0.72302385,19
1567,1584,0.71994095,18
1567,1586,0.72943230,17
1568,1571,0.71234413,12
1568,1572,0.77243585,14
1568,1575,0.78678253,16
1568,1576,0.94190955,17
1568,1577,0.90366170,15
1568,1578,0.87544376,12
1568,1579,0.92152102,18
1568,1580,0.95097443,18
1568,1582,0.72184265,14
1568,1583,0.92682267,18
1568,1584,0.89154332,17
1568,1586,0.95115181,19
1569,1581,0.99174466,4
1570,1610,0.78636238,21
1571,1572,0.87165849,23
1571,1575,0.83951527,23
1571,1576,0.70618396,14
1571,1579,0.85809078,17
1571,1580,0.72035561,11
1571,1586,0.74349317,18
1572,1575,0.90253343,26
1572,1576,0.78713742,17
1572,1579,0.85326370,21
1572,1580,0.77434155,13
1572,1586,0.82817497,22
1573,1668,0.87822484,22
1575,1576,0.79874771,20
1575,1579,0.91718676,26
1575,1580,0.78593783,15
1575,1583,0.70029447,18
1575,1586,0.82865233,25
1576,1577,0.94202795,19
1576,1578,0.91964419,13
1576,1579,0.94168023,21
1576,1580,0.97923154,17
1576,1582,0.84117132,16
1576,1583,0.95396142,17
1576,1584,0.92592684,17
1576,1586,0.98244830,22
1577,1578,0.98939056,15
1577,1579,0.87215069,23
1577,1580,0.96040610,15
1577,1582,0.72746202,14
1577,1583,0.95856873,23
1577,1584,0.94979409,21
1577,1586,0.93957362,24
1578,1579,0.82758049,15
1578,1580,0.93043229,12
1578,1582,0.73068090,13
1578,1583,0.94197331,16
1578,1584,0.95607029,15
1578,1586,0.91282079,16
1579,1580,0.95020401,18
1579,1582,0.73817087,14
1579,1583,0.88675618,20
1579,1584,0.82532052,19
1579,1586,0.95812993,28
1580,1582,0.74330038,13
1580,1583,0.96779137,15
1580,1584,0.93129830,14
1580,1586,0.98631114,19
1582,1583,0.71556348,14
1582,1586,0.76171744,14
1583,1584,0.98462721,24
1583,1586,0.94629513,22
1584,1586,0.91135972,20
1587,1613,0.83725243,11
1587,1639,0.76427283,11
1587,1652,0.99932524,9
1587,1683,0.85357118,11
1587,1730,0.99912529,10
1588,1637,0.97779947,14
1588,1727,0.97461363,12
1590,1604,0.97079738,12
1590,1618,0.96930236,16
1590,1645,0.97356766,17
1590,1663,0.96749927,16
1590,1729,0.94331460,9
1591,1617,0.99687433,62
1591,1648,0.99159982,54
1591,1659,0.99537290,52
1591,1694,0.99623736,50
1591,1734,0.99629045,52
1593,1623,0.99161960,20
1593,1641,0.75356729,14
1593,1642,0.99065415,22
1593,1655,0.79279891,14
1593,1673,0.77503402,14
1593,1704,0.99193949,20
1593,1708,0.84422500,12
1593,1719,0.98831396,20
1593,1725,0.83000727,14
1593,1736,0.99290512,20
1594,1606,0.99603766,30
1594,1631,0.99386797,31
1594,1634,0.99588723,30
1594,1680,0.99268675,32
1594,1702,0.99190312,28
1594,1739,0.99455235,30
1595,1607,0.99821245,90
1595,1626,0.99837960,92
1595,1638,0.99629573,82
1595,1682,0.99519159,83
1595,1703,0.98357154,90
1595,1747,0.99200808,87
1596,1612,0.99189435,22
1596,1636,0.98979141,20
1596,1681,0.99158528,20
1596,1692,0.98948324,20
1596,1723,0.79625424,13
1596,1740,0.98822049,20
1597,1599,0.98909673,46
1597,1662,0.89010101,45
1597,1678,0.98759133,52
1597,1738,0.98700209,45
1599,1662,0.88037580,36
1599,1678,0.97623133,42
1599,1738,0.97601696,37
1601,1646,0.99790393,63
1601,1650,0.99714734,68
1601,1675,0.99557145,60
1601,1686,0.99760614,62
1601,1705,0.99718393,74
1601,1726,0.99624430,70
1603,1608,0.99888210,32
1603,1627,0.99832377,35
1603,1670,0.98678930,34
1603,1689,0.99666969,33
1604,1618,0.96861200,11
1604,1645,0.96497216,12
1604,1663,0.96152478,11
1604,1729,0.94986715,9
1606,1631,0.99555234,31
1606,1634,0.99688048,30
1606,1680,0.99593737,33
1606,1702,0.99495819,29
1606,1739,0.99648162,32
1607,1626,0.99882981,107
1607,1638,0.99681237,88
1607,1682,0.99555215,91
1607,1703,0.98554966,104
1607,1747,0.99210946,101
1608,1627,0.99907497,51
1608,1670,0.98848526,46
1608,1689,0.99840801,44
1610,1711,0.87509456,11
1610,1717,0.91492159,10
1612,1636,0.99169486,23
1612,1681,0.99437187,24
1612,1692,0.99120456,22
1612,1723,0.81466820,14
1612,1740,0.99391777,25
1613,1639,0.97445041,92
1613,1652,0.83764040,11
1613,1683,0.99503087,89
1613,1730,0.83838137,14
1613,1731,0.99010994,92
1614,1744,0.99866438,9
1614,1748,0.99786719,3
1615,1710,0.99910478,10
1615,1715,0.99623142,5
1615,1720,0.99718412,10
1615,1735,0.72267764,3
1616,1643,0.99830404,60
1616,1657,0.72372811,45
1616,1660,0.99840360,59
1616,1695,0.71917534,37
1616,1699,0.99672221,56
1616,1724,0.74603723,41
1616,1733,0.99517575,56
1617,1648,0.99473663,61
1617,1659,0.99675085,57
1617,1694,0.99743654,54
1617,1734,0.99763814,57
1618,1645,0.96849768,17
1618,1663,0.96685888,16
1618,1729,0.93560372,10
1620,1701,0.98420646,11
1620,1706,0.99215758,34
1621,1644,0.99327582,89
1621,1651,0.98793182,108
1621,1672,0.99713179,100
1621,1677,0.99840758,113
1621,1690,0.99658809,88
1621,1728,0.99725710,111
1622,1640,0.98738743,26
1622,1658,0.98746510,25
1623,1641,0.76155345,20
1623,1642,0.99578847,25
1623,1655,0.80097528,19
1623,1673,0.78274915,18
1623,1704,0.99200609,21
1623,1708,0.85555438,18
1623,1719,0.99591278,26
1623,1725,0.84077616,20
1623,1736,0.99663618,24
1625,1635,0.99727505,68
1625,1674,0.99748239,65
1625,1693,0.99777292,66
1626,1638,0.99798659,92
1626,1682,0.99690686,90
1626,1703,0.98646698,109
1626,1747,0.99343121,104
1627,1670,0.98355752,50
1627,1689,0.99770397,48
1628,1721,0.99165657,68
1631,1634,0.99694545,33
1631,1680,0.99596729,34
1631,1702,0.99445906,30
1631,1739,0.99481565,33
1633,1649,0.98871400,22
1633,1679,0.98014102,26
1633,1691,0.98044205,21
1633,1709,0.98278467,15
1634,1680,0.99721490,32
1634,1702,0.99701001,31
1634,1739,0.99780781,33
1635,1674,0.99723474,72
1635,1693,0.99789464,71
1636,1681,0.99319544,20
1636,1692,0.98665143,19
1636,1723,0.81286452,12
1636,1740,0.99033218,21
1637,1727,0.97454118,12
1638,1682,0.99868963,84
1638,1703,0.99099990,91
1638,1747,0.99516651,87
1639,1652,0.76453440,11
1639,1683,0.98278088,88
1639,1730,0.76528415,14
1639,1731,0.99510150,94
1640,1658,0.99978116,28
1641,1642,0.76527885,20
1641,1655,0.99377384,25
1641,1673,0.99640263,25
1641,1704,0.75202749,15
1641,1708,0.97961945,25
1641,1719,0.77205737,20
1641,1725,0.98652808,30
1641,1736,0.76849796,20
1642,1655,0.80114301,18
1642,1673,0.78426264,19
1642,1704,0.99491504,22
1642,1708,0.85342402,18
1642,1719,0.99277618,24
1642,1725,0.84041894,20
1642,1736,0.99615879,25
1643,1657,0.73544418,47
1643,1660,0.99800157,74
1643,1695,0.73101742,40
1643,1699,0.99575724,67
1643,1724,0.75814722,48
1643,1733,0.99333272,71
1644,1651,0.96724885,88
1644,1672,0.99796505,86
1644,1677,0.99563284,91
1644,1690,0.99803562,80
1644,1728,0.99065672,87
1645,1663,0.98079319,17
1645,1729,0.94269723,9
1646,1650,0.99871017,60
1646,1675,0.99821615,57
1646,1686,0.99838420,59
1646,1705,0.99897642,64
1646,1726,0.99806271,63
1647,1676,0.99305792,87
1647,1718,0.99482848,93
1648,1659,0.99776343,55
1648,1694,0.99078707,54
1648,1734,0.99765272,55
1649,1679,0.97896476,22
1649,1691,0.98736093,20
1649,1709,0.97974568,14
1650,1675,0.99879125,61
1650,1686,0.99852514,63
1650,1705,0.99917129,69
1650,1726,0.99688166,68
1651,1672,0.97656505,103
1651,1677,0.98316056,115
1651,1690,0.97571862,92
1651,1728,0.98851716,107
1652,1683,0.85337379,11
1652,1730,0.99928515,9
1652,1731,0.80306249,11
1655,1673,0.99698579,22
1655,1704,0.78813928,15
1655,1708,0.99164827,23
1655,1719,0.81136420,19
1655,1725,0.99454937,25
1655,1736,0.80597561,18
1656,1688,0.96722966,46
1657,1660,0.72095586,49
1657,1695,0.99837593,74
1657,1699,0.71692828,45
1657,1724,0.99743932,71
1659,1694,0.99449976,48
1659,1734,0.99899243,52
1660,1695,0.71614227,41
1660,1699,0.99901094,68
1660,1724,0.74337846,50
1660,1733,0.99781523,71
1662,1678,0.89893164,55
1662,1738,0.90283300,56
1663,1729,0.95281941,9
1664,1665,0.88938202,64
1664,1698,0.90742863,65
1665,1698,0.99530667,71
1666,1700,0.98908392,25
1670,1689,0.99059391,45
1672,1677,0.99825663,101
1672,1690,0.99929678,88
1672,1728,0.99497819,101
1673,1704,0.77113397,15
1673,1708,0.98676951,22
1673,1719,0.79306648,18
1673,1725,0.99153598,24
1673,1736,0.78889256,20
1674,1693,0.99833416,72
1675,1686,0.99731168,60
1675,1705,0.99863729,62
1675,1726,0.99575381,62
1676,1718,0.99548487,92
1677,1690,0.99799622,91
1677,1728,0.99783685,115
1678,1738,0.99894150,61
1679,1691,0.99015662,20
1679,1709,0.98427425,14
1680,1702,0.99722968,29
1680,1739,0.99766326,32
1681,1692,0.99099947,21
1681,1723,0.80569143,13
1681,1740,0.99505191,23
1682,1703,0.99300699,91
1682,1747,0.99631731,88
1683,1730,0.85434837,14
1683,1731,0.99377267,91
1685,1696,0.99790789,11
1686,1705,0.99862475,68
1686,1726,0.99591741,64
1690,1728,0.99509720,89
1691,1709,0.98440325,13
1692,1723,0.79919970,12
1692,1740,0.99089533,21
1694,1734,0.99601081,51
1695,1699,0.71201723,37
1695,1724,0.99775220,68
1699,1724,0.73926419,44
1699,1733,0.99853878,66
1701,1706,0.99252191,15
1702,1739,0.99719093,31
1703,1747,0.99415068,100
1704,1708,0.83928723,14
1704,1719,0.98888053,20
1704,1725,0.82633540,16
1704,1736,0.99473643,21
1705,1726,0.99761756,72
1708,1719,0.86549616,18
1708,1725,0.99700887,23
1708,1736,0.85860204,18
1710,1715,0.99808162,6
1710,1720,0.99886579,9
1710,1735,0.72391683,3
1711,1717,0.92984642,9
1713,1714,0.94369342,16
1713,1716,0.96636442,19
1714,1716,0.99069055,19
1715,1720,0.99928747,8
1715,1735,0.72499399,4
1719,1725,0.85207134,20
1719,1736,0.99497060,23
1720,1735,0.72457459,3
1723,1740,0.80794402,13
1724,1733,0.71866896,44
1725,1736,0.84470848,19
1730,1731,0.80360406,15
1737,1741,0.82193641,7
1737,1742,0.82565149,6
1737,1743,0.76714094,5
1737,1746,0.99644736,10
1741,1742,0.96154733,8
1741,1743,0.79490474,6
1741,1746,0.79371155,5
1742,1743,0.90192756,8
1742,1746,0.79492613,5
1743,1746,0.74518330,3
1744,1748,0.99757802,4
