node_id,label,raw_name,precursor_mz,num_peaks,component_id,degree
0,n1,1,141.958780,12,0,4
1,n2,2,154.990440,23,0,3
2,n3,3,169.977710,43,1,11
3,n4,4,180.990080,113,2,0
4,n5,5,182.985520,51,0,2
5,n6,6,287.888700,49,3,1
6,n7,7,328.915220,132,3,1
7,n8,8,194.975530,79,4,0
8,n9,9,151.035640,31,5,0
9,n10,10,190.979860,63,6,0
10,n11,11,167.013180,50,7,6
11,n12,12,158.961690,110,0,4
12,n13,13,171.993260,42,8,3
13,n14,14,276.896670,71,9,1
14,n15,15,304.891560,82,9,1
15,n16,16,404.815820,83,10,0
16,n17,17,186.956430,83,11,0
17,n18,18,176.972280,105,1,13
18,n19,19,199.988200,64,1,13
19,n20,20,274.873840,37,12,0
20,n21,21,175.119380,55,13,0
21,n22,22,303.883310,100,14,0
22,n23,23,303.155510,31,15,0
23,n24,24,176.092190,79,16,0
24,n25,25,224.113550,68,17,2
25,n26,26,133.061080,16,18,0
26,n27,27,236.938890,54,19,0
27,n28,28,160.097120,49,20,0
28,n29,29,173.092410,41,21,0
29,n30,30,186.076390,40,22,0
30,n31,31,258.110350,71,23,0
31,n32,32,338.144780,74,24,0
32,n33,33,205.068600,44,25,8
33,n34,34,219.026950,39,26,0
34,n35,35,203.052900,51,27,10
35,n36,36,234.097570,84,28,1
36,n37,37,252.108100,77,28,1
37,n38,38,305.134580,73,29,2
38,n39,39,180.086950,47,30,11
39,n40,40,198.097570,44,30,13
40,n41,41,266.123730,64,31,1
41,n42,42,418.156140,35,32,0
42,n43,43,248.113200,76,31,1
43,n44,44,322.150020,62,33,0
44,n45,45,243.134280,38,34,0
45,n46,46,232.118230,69,35,0
46,n47,47,187.108000,47,36,1
47,n48,48,233.113530,57,37,0
48,n49,49,381.079520,31,38,0
49,n50,50,145.049750,19,39,6
50,n51,51,325.113170,53,30,11
51,n52,52,360.150100,37,30,13
52,n53,53,684.255410,57,30,10
53,n54,54,128.107300,43,40,1
54,n55,55,702.266830,32,30,12
55,n56,56,127.039290,35,40,1
56,n57,57,130.086540,14,41,3
57,n58,58,342.139830,59,30,10
58,n59,59,365.105530,35,42,0
59,n60,60,275.992970,107,43,0
60,n61,61,522.203100,39,30,10
61,n62,62,527.158480,36,44,0
62,n63,63,216.123290,31,45,3
63,n64,64,287.196520,30,39,6
64,n65,65,846.308780,36,30,9
65,n66,66,169.977590,78,1,10
66,n67,67,176.128340,50,46,0
67,n68,68,183.113080,43,47,0
68,n69,69,154.990480,62,0,3
69,n70,70,194.117900,49,48,2
70,n71,71,214.003830,82,1,13
71,n72,72,158.117880,58,49,1
72,n73,73,124.112400,28,50,4
73,n74,74,260.113070,86,51,2
74,n75,75,198.112700,101,52,3
75,n76,76,278.123570,78,51,2
76,n77,77,234.133780,41,45,3
77,n78,78,227.139080,57,53,0
78,n79,79,144.101980,24,39,6
79,n80,80,378.024270,81,54,0
80,n81,81,216.123300,41,45,3
81,n82,82,136.061980,27,55,2
82,n83,83,126.055280,52,56,0
83,n84,84,152.057060,50,57,10
84,n85,85,146.117580,15,58,0
85,n86,86,185.042300,91,59,0
86,n87,87,158.961560,81,49,1
87,n88,88,142.122720,19,41,3
88,n89,89,153.102460,52,60,1
89,n90,90,287.123770,67,61,1
90,n91,91,347.094660,30,62,2
91,n92,92,200.128270,57,52,2
92,n93,93,199.988100,72,63,0
93,n94,94,197.128820,75,64,0
94,n95,95,305.134320,46,29,2
95,n96,96,327.116370,36,65,0
96,n97,97,275.123640,80,66,2
97,n98,98,467.187580,76,29,2
98,n99,99,504.192270,59,30,10
99,n100,100,509.147890,31,67,0
100,n101,101,199.144290,44,52,3
101,n102,102,124.075880,37,68,10
102,n103,103,134.060280,48,69,7
103,n104,104,144.138530,27,70,5
104,n105,105,168.065910,83,71,1
105,n106,106,152.070830,78,69,7
106,n107,107,170.081240,47,57,14
107,n108,108,182.081430,81,72,3
108,n109,109,215.102800,88,73,0
109,n110,110,245.113160,63,74,2
110,n111,111,289.139230,81,75,2
111,n112,112,186.112640,79,76,0
112,n113,113,235.081230,61,77,0
113,n114,114,270.118380,70,78,0
114,n115,115,275.073700,36,79,0
115,n116,116,277.089290,74,80,0
116,n117,117,123.055490,46,81,1
117,n118,118,330.154650,121,82,3
118,n119,119,268.103940,45,55,2
119,n120,120,311.073620,35,83,6
120,n121,121,144.102070,20,70,5
121,n122,122,212.091720,72,84,1
122,n123,123,219.086410,44,85,0
123,n124,124,231.083880,51,86,2
124,n125,125,245.063410,66,87,0
125,n126,126,169.977660,43,57,15
126,n127,127,309.105580,52,88,3
127,n128,128,185.042150,101,89,0
128,n129,129,169.978530,24,57,15
129,n130,130,259.078970,97,86,3
130,n131,131,128.951130,30,90,0
131,n132,132,230.982740,80,91,3
132,n133,133,259.128820,66,86,4
133,n134,134,281.110890,87,92,0
134,n135,135,152.057480,82,69,6
135,n136,136,265.118300,70,93,1
136,n137,137,240.123060,108,94,2
137,n138,138,144.138560,24,70,5
138,n139,139,270.094930,50,95,2
139,n140,140,182.081500,35,96,0
140,n141,141,123.068250,56,68,10
141,n142,142,125.079410,52,68,10
142,n143,143,171.084420,38,57,14
143,n144,144,185.092270,49,97,1
144,n145,145,124.076020,49,81,1
145,n146,146,134.060330,18,69,7
146,n147,147,152.070890,34,69,7
147,n148,148,170.081320,27,57,14
148,n149,149,230.102480,80,91,4
149,n150,150,154.097700,79,98,0
150,n151,151,144.102130,19,70,5
151,n152,152,194.117940,81,48,2
152,n153,153,142.122930,24,41,4
153,n154,154,130.050150,36,99,0
154,n155,155,245.113310,82,74,1
155,n156,156,158.961650,55,1,10
156,n157,157,126.055310,19,100,5
157,n158,158,267.095300,50,101,1
158,n159,159,195.113190,78,102,6
159,n160,160,330.154870,108,82,3
160,n161,161,199.144450,79,1,5
161,n162,162,182.117920,55,72,2
162,n163,163,132.102270,19,103,2
163,n164,164,241.154740,90,104,0
164,n165,165,311.073690,27,83,2
165,n166,166,199.988190,85,1,3
166,n167,167,212.091920,114,84,1
167,n168,168,127.039290,26,100,5
168,n169,169,373.044130,87,105,0
169,n170,170,455.116360,46,106,5
170,n171,171,137.071180,31,107,3
171,n172,172,197.092330,93,108,2
172,n173,173,215.102870,48,108,5
173,n174,174,237.084740,27,109,1
174,n175,175,231.084140,58,86,2
175,n176,176,253.118420,128,110,1
176,n177,177,289.139410,87,75,2
177,n178,178,311.121350,48,83,1
178,n179,179,312.144020,108,82,3
179,n180,180,182.081470,86,72,1
180,n181,181,329.084360,49,111,1
181,n182,182,367.186280,32,112,2
182,n183,183,309.105800,48,88,3
183,n184,184,268.118250,79,113,0
184,n185,185,276.144620,99,114,3
185,n186,186,330.154860,118,82,4
186,n187,187,126.128060,22,115,2
187,n188,188,144.138460,13,70,5
188,n189,189,294.155040,67,114,3
189,n190,190,275.007570,85,116,0
190,n191,191,429.981260,58,117,0
191,n192,192,162.998100,52,118,2
192,n193,193,267.097660,97,101,1
193,n194,194,198.076530,47,57,11
194,n195,195,181.133840,87,52,2
195,n196,196,194.081560,94,91,3
196,n197,197,230.102600,69,91,3
197,n198,198,270.095010,24,95,2
198,n199,199,132.102290,13,103,2
199,n200,200,300.144340,62,119,3
200,n201,201,212.092010,111,91,4
201,n202,202,185.092370,61,97,1
202,n203,203,268.104230,40,55,2
203,n204,204,163.123260,44,118,2
204,n205,205,229.118640,69,120,3
205,n206,206,251.100680,42,121,1
206,n207,207,275.110240,38,66,2
207,n208,208,301.089580,33,122,4
208,n209,209,142.122920,11,41,4
209,n210,210,121.065230,41,123,2
210,n211,211,138.091590,20,107,3
211,n212,212,330.154750,105,82,5
212,n213,213,137.071240,28,107,3
213,n214,214,197.092430,85,108,2
214,n215,215,215.102970,46,108,4
215,n216,216,237.084880,39,109,1
216,n217,217,207.074350,58,124,2
217,n218,218,265.118580,70,93,1
218,n219,219,182.117960,55,72,3
219,n220,220,270.095020,45,95,2
220,n221,221,158.961660,57,1,10
221,n222,222,132.102310,14,103,2
222,n223,223,253.118620,97,110,1
223,n224,224,329.084410,36,111,1
224,n225,225,344.170570,73,125,0
225,n226,226,224.091930,108,126,2
226,n227,227,276.144640,84,114,3
227,n228,228,155.081790,66,127,2
228,n229,229,294.155080,62,114,3
229,n230,230,169.097640,89,128,0
230,n231,231,158.961690,72,129,1
231,n232,232,126.128070,23,115,2
232,n233,233,144.138520,16,70,5
233,n234,234,301.089600,21,122,4
234,n235,235,184.133520,79,130,4
235,n236,236,178.086590,59,126,2
236,n237,237,254.161340,76,131,1
237,n238,238,169.977730,61,57,14
238,n239,239,155.081780,80,127,2
239,n240,240,275.110250,39,66,2
240,n241,241,269.113470,89,132,0
241,n242,242,229.118650,79,120,2
242,n243,243,367.186410,29,112,2
243,n244,244,395.181170,48,133,0
244,n245,245,172.133470,66,134,0
245,n246,246,182.985580,76,130,4
246,n247,247,158.117940,66,41,2
247,n248,248,167.013230,82,7,6
248,n249,249,169.977720,60,57,15
249,n250,250,171.993280,34,135,1
250,n251,251,199.988230,84,1,15
251,n252,252,301.089700,42,122,4
252,n253,253,194.081590,60,91,2
253,n254,254,253.071000,81,136,12
254,n255,255,269.111010,56,137,0
255,n256,256,150.091680,25,138,0
256,n257,257,161.018820,50,139,0
257,n258,258,252.123360,34,136,9
258,n259,259,270.133850,39,136,9
259,n260,260,271.049150,41,136,9
260,n261,261,292.115860,46,140,1
261,n262,262,293.031100,54,140,1
262,n263,263,304.024370,104,141,0
263,n264,264,424.043110,84,142,0
264,n265,265,144.065740,29,143,0
265,n266,266,180.102190,28,144,4
266,n267,267,164.068470,54,145,0
267,n268,268,142.086700,11,146,2
268,n269,269,161.082460,33,147,8
269,n270,270,155.081800,48,127,2
270,n271,271,254.161330,102,131,1
271,n272,272,179.118310,22,144,4
272,n273,273,324.144560,68,148,1
273,n274,274,158.961700,70,149,3
274,n275,275,142.122970,16,146,2
275,n276,276,225.196380,45,41,4
276,n277,277,152.107280,49,150,1
277,n278,278,171.993290,83,8,3
278,n279,279,194.117990,75,91,2
279,n280,280,126.055310,36,151,0
280,n281,281,414.176210,70,136,9
281,n282,282,432.186840,52,136,9
282,n283,283,216.123220,69,45,3
283,n284,284,256.165690,33,41,4
284,n285,285,240.123300,75,94,2
285,n286,286,245.099910,23,74,1
286,n287,287,358.149730,70,152,1
287,n288,288,137.107590,29,107,3
288,n289,289,268.154520,38,41,1
289,n290,290,163.098110,40,153,7
290,n291,291,312.144230,92,82,2
291,n292,292,157.133870,77,154,0
292,n293,293,160.075970,57,149,3
293,n294,294,191.118180,74,149,3
294,n295,295,326.159950,71,155,2
295,n296,296,170.117770,45,57,15
296,n297,297,183.149900,23,130,4
297,n298,298,163.086860,66,153,8
298,n299,299,181.097530,88,156,0
299,n300,300,199.108010,59,157,0
300,n301,301,212.128370,42,158,0
301,n302,302,221.090040,47,159,1
302,n303,303,229.118650,70,120,3
303,n304,304,234.112780,54,136,6
304,n305,305,192.102170,49,160,1
305,n306,306,252.123290,44,136,9
306,n307,307,124.112400,25,50,4
307,n308,308,184.133340,22,130,4
308,n309,309,185.136460,18,130,4
309,n310,310,178.086610,98,126,2
310,n311,311,306.118690,31,100,5
311,n312,312,327.047990,60,155,3
312,n313,313,324.144260,39,148,1
313,n314,314,270.133810,40,136,9
314,n315,315,268.154520,39,41,3
315,n316,316,169.097460,89,57,2
316,n317,317,289.092070,56,100,5
317,n318,318,311.073850,20,83,5
318,n319,319,326.160050,64,155,2
319,n320,320,166.086630,31,161,0
320,n321,321,134.060460,27,69,5
321,n322,322,163.123460,59,153,2
322,n323,323,160.075980,44,149,3
323,n324,324,205.133860,25,112,2
324,n325,325,445.132230,26,162,2
325,n326,326,236.092020,51,163,0
326,n327,327,125.071300,32,164,7
327,n328,328,358.149780,49,152,1
328,n329,329,127.039360,29,25,15
329,n330,330,278.186520,60,165,1
330,n331,331,142.086700,21,146,2
331,n332,332,468.171230,48,100,5
332,n333,333,473.127110,35,166,1
333,n334,334,173.092480,50,167,0
334,n335,335,195.074460,51,168,0
335,n336,336,182.129260,81,72,1
336,n337,337,134.060520,19,69,7
337,n338,338,158.081590,77,129,1
338,n339,339,253.071020,137,136,2
339,n340,340,306.118820,56,25,13
340,n341,341,311.073930,30,83,5
341,n342,342,327.048000,80,155,1
342,n343,343,151.086960,88,57,9
343,n344,344,169.097550,73,57,5
344,n345,345,170.081550,74,57,10
345,n346,346,285.094880,60,169,3
346,n347,347,229.118740,72,120,2
347,n348,348,223.180880,79,170,0
348,n349,349,296.197160,88,171,1
349,n350,350,455.116560,37,106,5
350,n351,351,164.107440,29,172,1
351,n352,352,278.123900,88,173,4
352,n353,353,283.079150,22,119,6
353,n354,354,171.149560,88,57,10
354,n355,355,135.092010,21,174,0
355,n356,356,152.071050,95,175,0
356,n357,357,196.095120,105,176,0
357,n358,358,195.122980,68,102,5
358,n359,359,209.128880,93,177,0
359,n360,360,354.154810,63,178,0
360,n361,361,153.102640,97,60,7
361,n362,362,220.118320,130,179,0
362,n363,363,311.074010,26,83,5
363,n364,364,445.132330,26,162,2
364,n365,365,185.092530,76,180,0
365,n366,366,278.139100,64,181,0
366,n367,367,195.113330,65,102,6
367,n368,368,400.171450,37,182,0
368,n369,369,281.186520,67,183,0
369,n370,370,252.123410,120,136,10
370,n371,371,270.133960,66,136,9
371,n372,372,278.123890,60,173,4
372,n373,373,233.128890,43,184,2
373,n374,374,210.124100,98,185,1
374,n375,375,196.097360,89,102,2
375,n376,376,163.123380,44,118,2
376,n377,377,455.116320,35,106,5
377,n378,378,254.139060,88,186,0
378,n379,379,282.133970,74,119,4
379,n380,380,300.144530,74,119,3
380,n381,381,219.149660,85,187,3
381,n382,382,450.160790,53,25,15
382,n383,383,121.065240,54,123,3
383,n384,384,139.086900,18,188,0
384,n385,385,213.123690,88,189,1
385,n386,386,285.094910,70,169,3
386,n387,387,311.074030,30,83,5
387,n388,388,224.139790,113,190,1
388,n389,389,296.197220,42,171,1
389,n390,390,265.068650,48,191,0
390,n391,391,157.083830,69,192,0
391,n392,392,278.186640,94,165,1
392,n393,393,192.102300,42,160,1
393,n394,394,251.139380,68,193,10
394,n395,395,223.155730,94,194,0
395,n396,396,240.159760,43,195,1
396,n397,397,646.198400,55,196,3
397,n398,398,189.102710,49,197,2
398,n399,399,222.112950,46,198,0
399,n400,400,207.113370,59,199,0
400,n401,401,252.123420,62,200,0
401,n402,402,278.123900,76,173,4
402,n403,403,445.132390,35,162,2
403,n404,404,455.116370,31,106,5
404,n405,405,164.107490,42,172,1
405,n406,406,283.079180,37,119,6
406,n407,407,450.160020,72,25,10
407,n408,408,473.127290,43,166,1
408,n409,409,342.155170,73,201,0
409,n410,410,311.074130,45,83,5
410,n411,411,195.149680,76,202,0
411,n412,412,417.026850,119,203,0
412,n413,413,419.020560,57,204,0
413,n414,414,441.002910,48,205,0
414,n415,415,372.165810,57,206,0
415,n416,416,183.113170,68,207,0
416,n417,417,265.191440,49,208,1
417,n418,418,127.039340,13,100,5
418,n419,419,282.134030,37,119,7
419,n420,420,300.144540,50,119,3
420,n421,421,161.107750,48,209,0
421,n422,422,288.108170,59,25,15
422,n423,423,293.063290,26,210,1
423,n424,424,309.037380,41,211,0
424,n425,425,450.160410,68,25,10
425,n426,426,219.149690,76,187,3
426,n427,427,362.144690,56,212,1
427,n428,428,180.102340,78,144,4
428,n429,429,213.123750,77,189,1
429,n430,430,193.097680,92,213,0
430,n431,431,209.165230,73,214,0
431,n432,432,265.191360,85,208,1
432,n433,433,179.034360,116,196,3
433,n434,434,181.097570,90,215,0
434,n435,435,288.123350,50,216,0
435,n436,436,233.128900,49,184,2
436,n437,437,455.116430,27,106,5
437,n438,438,188.071110,51,217,0
438,n439,439,362.144780,59,212,1
439,n440,440,186.149270,65,218,0
440,n441,441,288.108370,40,25,15
441,n442,442,293.063470,27,210,1
442,n443,443,165.139090,22,219,0
443,n444,444,450.160970,94,25,10
444,n445,445,345.265530,48,220,1
445,n446,446,262.191750,24,220,1
446,n447,447,455.116480,27,106,5
447,n448,448,221.129000,59,221,0
448,n449,449,237.123850,91,136,6
449,n450,450,427.208420,85,222,8
450,n451,451,227.118520,90,223,0
451,n452,452,177.055020,58,224,0
452,n453,453,347.131560,47,225,0
453,n454,454,265.154930,71,222,1
454,n455,455,141.102550,23,226,0
455,n456,456,249.196610,42,227,1
456,n457,457,260.128630,63,51,2
457,n458,458,238.119040,77,228,0
458,n459,459,265.130120,64,222,10
459,n460,460,427.121810,65,229,2
460,n461,461,377.207180,126,230,0
461,n462,462,216.102450,57,136,7
462,n463,463,144.081190,24,231,2
463,n464,464,395.217680,113,232,1
464,n465,465,174.113070,68,233,0
465,n466,466,177.139120,43,234,0
466,n467,467,186.091720,22,136,7
467,n468,468,193.050070,99,235,1
468,n469,469,180.099950,62,144,4
469,n470,470,158.117920,62,236,0
470,n471,471,163.039330,49,193,12
471,n472,472,307.102800,58,30,6
472,n473,473,384.186710,51,30,5
473,n474,474,389.141960,43,237,0
474,n475,475,471.150690,52,193,12
475,n476,476,488.176570,57,193,10
476,n477,477,493.131940,46,238,0
477,n478,478,209.092500,77,239,0
478,n479,479,333.217460,56,240,1
479,n480,480,422.166200,81,173,4
480,n481,481,427.121640,39,229,2
481,n482,482,249.196630,42,227,1
482,n483,483,303.134410,91,241,3
483,n484,484,262.144320,42,242,0
484,n485,485,191.154780,51,243,0
485,n486,486,201.123860,46,244,0
486,n487,487,223.105870,57,245,0
487,n488,488,208.133700,48,246,1
488,n489,489,212.165010,39,247,1
489,n490,490,427.121840,21,229,2
490,n491,491,216.102470,80,136,9
491,n492,492,233.128930,72,184,2
492,n493,493,303.134390,93,241,3
493,n494,494,179.034360,56,196,3
494,n495,495,258.113090,38,150,1
495,n496,496,487.145090,58,196,3
496,n497,497,155.118320,48,248,0
497,n498,498,424.269820,119,249,0
498,n499,499,417.118250,81,250,0
499,n500,500,373.183840,55,251,0
500,n501,501,307.176940,79,252,0
501,n502,502,419.095410,58,253,1
502,n503,503,197.107930,50,108,1
503,n504,504,144.081200,19,231,2
504,n505,505,203.154870,47,231,2
505,n506,506,595.166130,152,254,0
506,n507,507,234.074230,48,255,0
507,n508,508,333.217560,56,240,1
508,n509,509,194.081750,50,91,1
509,n510,510,136.076090,17,136,7
510,n511,511,235.060600,73,256,0
511,n512,512,251.103130,53,121,1
512,n513,513,257.042450,34,257,4
513,n514,514,447.129140,76,258,0
514,n515,515,185.092610,50,259,0
515,n516,516,258.160680,45,260,1
516,n517,517,287.139730,68,61,1
517,n518,518,321.192770,68,261,0
518,n519,519,328.154860,73,262,1
519,n520,520,216.102590,64,123,2
520,n521,521,212.165060,34,247,1
521,n522,522,342.170620,46,263,1
522,n523,523,240.138860,41,94,2
523,n524,524,293.136480,42,264,0
524,n525,525,464.213490,65,30,10
525,n526,526,409.111190,26,265,0
526,n527,527,328.154860,128,262,1
527,n528,528,240.159860,55,195,1
528,n529,529,481.205100,49,266,0
529,n530,530,207.065780,99,25,10
530,n531,531,247.058330,54,267,0
531,n532,532,417.118660,51,268,1
532,n533,533,205.134180,40,269,0
533,n534,534,237.160270,66,270,0
534,n535,535,493.281530,71,271,0
535,n536,536,315.207230,36,272,0
536,n537,537,219.138520,84,187,3
537,n538,538,237.149080,149,273,0
538,n539,539,295.152110,35,274,0
539,n540,540,142.123040,13,41,3
540,n541,541,170.117960,111,275,0
541,n542,542,210.110520,36,185,1
542,n543,543,188.128560,67,276,0
543,n544,544,201.055270,93,277,1
544,n545,545,272.128680,68,278,8
545,n546,546,211.123440,27,279,2
546,n547,547,124.112490,33,50,4
547,n548,548,219.149750,28,187,3
548,n549,549,224.164830,28,50,6
549,n550,550,211.130990,74,279,2
550,n551,551,241.133990,52,136,1
551,n552,552,419.095400,21,253,1
552,n553,553,210.149390,35,279,2
553,n554,554,209.081390,40,173,4
554,n555,555,187.123490,56,36,1
555,n556,556,457.241630,42,280,1
556,n557,557,249.196730,78,281,0
557,n558,558,355.173350,59,282,0
558,n559,559,215.139660,46,283,0
559,n560,560,194.116190,61,48,2
560,n561,561,172.133590,54,284,1
561,n562,562,273.076180,69,285,10
562,n563,563,743.240190,137,285,15
563,n564,564,765.222140,44,286,0
564,n565,565,210.149280,73,287,0
565,n566,566,217.049980,44,288,0
566,n567,567,235.060620,52,289,1
567,n568,568,252.087120,88,289,1
568,n569,569,257.042450,30,257,4
569,n570,570,162.091620,56,290,3
570,n571,571,180.102200,33,290,3
571,n572,572,189.055090,56,197,3
572,n573,573,124.112390,26,50,4
573,n574,574,224.164570,30,50,2
574,n575,575,226.179860,69,291,1
575,n576,576,207.065650,65,124,4
576,n577,577,249.112600,74,197,3
577,n578,578,267.123170,53,197,3
578,n579,579,289.071090,61,292,0
579,n580,580,391.100120,39,293,0
580,n581,581,446.202720,71,197,1
581,n582,582,451.158170,51,294,0
582,n583,583,433.113880,87,295,0
583,n584,584,438.239440,65,296,0
584,n585,585,161.060080,34,297,3
585,n586,586,203.106970,53,27,15
586,n587,587,263.128180,72,27,19
587,n588,588,478.228890,69,27,10
588,n589,589,483.183850,51,298,0
589,n590,590,134.060500,21,69,8
590,n591,591,152.071120,48,69,7
591,n592,592,224.130540,32,50,2
592,n593,593,193.097720,50,299,0
593,n594,594,163.039390,53,193,12
594,n595,595,189.055110,48,300,1
595,n596,596,207.065700,65,300,1
596,n597,597,255.149660,26,301,1
597,n598,598,224.092210,65,124,4
598,n599,599,342.170450,68,263,1
599,n600,600,193.050160,82,235,1
600,n601,601,289.071220,94,302,0
601,n602,602,269.176580,60,303,0
602,n603,603,273.076260,66,285,10
603,n604,604,435.129400,85,285,16
604,n605,605,597.181950,52,285,13
605,n606,606,619.164210,47,304,0
606,n607,607,198.128350,92,136,9
607,n608,608,317.100300,44,305,1
608,n609,609,263.089770,49,306,0
609,n610,610,706.271910,66,39,6
610,n611,611,226.180430,31,291,1
611,n612,612,171.993480,75,8,3
612,n613,613,224.144190,67,190,1
613,n614,614,360.227940,66,307,0
614,n615,615,457.241710,57,280,1
615,n616,616,177.055240,67,25,10
616,n617,617,207.065830,96,308,2
617,n618,618,235.060720,78,309,0
618,n619,619,257.042600,30,257,4
619,n620,620,265.097870,32,310,0
620,n621,621,184.133730,108,311,0
621,n622,622,206.115660,76,17,2
622,n623,623,225.076210,56,25,15
623,n624,624,242.102690,22,25,15
624,n625,625,247.058220,42,312,3
625,n626,626,273.076170,37,285,12
626,n627,627,295.188500,18,313,0
627,n628,628,220.097280,45,314,0
628,n629,629,235.060500,66,315,1
629,n630,630,252.087130,54,315,2
630,n631,631,257.042450,40,257,4
631,n632,632,259.096950,102,86,12
632,n633,633,277.107520,58,86,5
633,n634,634,461.142540,41,316,0
634,n635,635,505.131990,35,317,0
635,n636,636,579.170990,52,318,1
636,n637,637,226.180790,58,319,1
637,n638,638,239.154850,24,320,4
638,n639,639,153.018420,92,285,3
639,n640,640,171.029020,40,285,3
640,n641,641,273.075880,46,285,13
641,n642,642,315.086500,52,321,2
642,n643,643,401.123400,96,322,1
643,n644,644,417.118610,75,323,1
644,n645,645,419.134070,99,322,1
645,n646,646,435.129230,83,285,12
646,n647,647,581.186340,55,285,11
647,n648,648,598.213380,35,285,19
648,n649,649,603.168840,48,324,1
649,n650,650,727.244830,103,285,10
650,n651,651,1178.394030,34,285,19
651,n652,652,1183.348790,43,324,1
652,n653,653,354.217910,39,325,0
653,n654,654,225.138940,30,326,0
654,n655,655,189.054890,25,86,11
655,n656,656,243.102010,72,86,10
656,n657,657,247.096840,67,312,4
657,n658,658,261.112530,67,86,13
658,n659,659,458.202860,37,86,15
659,n660,660,463.157730,40,327,0
660,n661,661,479.132200,20,328,0
661,n662,662,431.131890,37,329,0
662,n663,663,199.988380,75,1,14
663,n664,664,475.157990,32,330,0
664,n665,665,201.139200,89,331,0
665,n666,666,205.050000,48,25,12
666,n667,667,259.097030,94,86,4
667,n668,668,277.107460,56,25,8
668,n669,669,312.144680,44,25,7
669,n670,670,317.099950,51,305,1
670,n671,671,333.073910,28,332,0
671,n672,672,404.207020,21,39,6
672,n673,673,252.087130,38,25,15
673,n674,674,126.128130,20,115,2
674,n675,675,832.433360,171,333,4
675,n676,676,222.076630,58,25,7
676,n677,677,226.180390,33,319,1
677,n678,678,342.134130,95,334,0
678,n679,679,207.065670,32,124,3
679,n680,680,208.068910,98,124,3
680,n681,681,229.047760,57,335,1
681,n682,682,142.123130,13,41,3
682,n683,683,203.107230,94,27,10
683,n684,684,180.102450,57,144,4
684,n685,685,778.436600,162,336,0
685,n686,686,167.013350,46,7,6
686,n687,687,182.985780,70,337,1
687,n688,688,199.988420,74,1,15
688,n689,689,235.060670,39,25,11
689,n690,690,252.087210,28,25,10
690,n691,691,257.042510,26,257,4
691,n692,692,255.149740,34,301,1
692,n693,693,273.076260,65,285,10
693,n694,694,585.317290,76,338,0
694,n695,695,601.312480,151,339,0
695,n696,696,183.078690,54,337,1
696,n697,697,465.174200,51,340,1
697,n698,698,153.018540,76,285,3
698,n699,699,195.029220,60,321,2
699,n700,700,273.076160,44,285,16
700,n701,701,315.086740,76,321,2
701,n702,702,417.139450,112,341,0
702,n703,703,453.161210,85,30,6
703,n704,704,461.145170,95,342,0
704,n705,705,561.160820,169,323,1
705,n706,706,579.171270,131,285,12
706,n707,707,689.208780,173,343,0
707,n708,708,707.219350,161,344,0
708,n709,709,725.229200,62,285,10
709,n710,710,747.211120,71,345,1
710,n711,711,763.178680,65,346,0
711,n712,712,1466.480030,66,285,10
712,n713,713,1471.434040,79,345,1
713,n714,714,279.157400,52,347,0
714,n715,715,574.338090,139,348,0
715,n716,716,139.988300,19,349,0
716,n717,717,437.269700,175,333,11
717,n718,718,455.280200,193,333,6
718,n719,719,473.290800,274,333,4
719,n720,720,670.380840,203,333,5
720,n721,721,675.336190,31,350,0
721,n722,722,592.294550,217,351,1
722,n723,723,306.138930,81,352,0
723,n724,724,218.211800,25,353,0
724,n725,725,629.307960,70,354,0
725,n726,726,465.173480,54,340,1
726,n727,727,161.059960,36,297,3
727,n728,728,203.106910,53,27,16
728,n729,729,245.117640,81,27,13
729,n730,730,263.128010,115,27,14
730,n731,731,460.218220,73,27,10
731,n732,732,191.070460,62,355,1
732,n733,733,171.993520,53,8,3
733,n734,734,247.096900,47,312,4
734,n735,735,553.191690,40,312,3
735,n736,736,131.049340,20,86,2
736,n737,737,177.054860,39,222,9
737,n738,738,187.039290,29,356,3
738,n739,739,189.054770,32,86,11
739,n740,740,201.054830,54,278,8
740,n741,741,203.070430,49,27,15
741,n742,742,217.086210,53,86,2
742,n743,743,243.101840,53,86,10
743,n744,744,261.112200,58,86,15
744,n745,745,278.138950,28,86,10
745,n746,746,279.122950,49,86,12
746,n747,747,296.149550,24,86,14
747,n748,748,301.104750,20,122,4
748,n749,749,317.078840,29,357,0
749,n750,750,574.264670,42,86,14
750,n751,751,579.219910,53,122,4
751,n752,752,219.065470,54,358,5
752,n753,753,557.238150,27,86,13
753,n754,754,324.180740,28,86,14
754,n755,755,162.091880,44,290,3
755,n756,756,754.347980,239,359,0
756,n757,757,441.246420,47,360,0
757,n758,758,233.078990,14,361,0
758,n759,759,149.060240,18,246,1
759,n760,760,269.081220,92,362,1
760,n761,761,327.084270,34,363,0
761,n762,762,439.230890,27,364,0
762,n763,763,347.076620,65,62,2
763,n764,764,653.172010,66,62,2
764,n765,765,198.149300,79,365,1
765,n766,766,220.131240,40,366,2
766,n767,767,592.294310,252,351,1
767,n768,768,234.206860,35,367,0
768,n769,769,201.102710,75,368,0
769,n770,770,170.081750,57,57,11
770,n771,771,255.065690,67,268,1
771,n772,772,543.307060,131,369,0
772,n773,773,950.405630,166,370,2
773,n774,774,314.139180,72,222,7
774,n775,775,964.421360,156,370,1
775,n776,776,253.170540,44,371,2
776,n777,777,340.154940,70,88,3
777,n778,778,219.065760,94,358,5
778,n779,779,189.055070,54,86,11
779,n780,780,217.086420,82,86,2
780,n781,781,259.097090,45,86,13
781,n782,782,277.107580,65,86,4
782,n783,783,294.134090,42,86,7
783,n784,784,299.089550,40,372,1
784,n785,785,322.165270,42,373,1
785,n786,786,203.107020,78,27,11
786,n787,787,263.128210,60,27,19
787,n788,788,273.076300,47,285,10
788,n789,789,321.131360,39,373,1
789,n790,790,366.131890,24,374,0
790,n791,791,670.380740,164,333,10
791,n792,792,344.149930,60,222,9
792,n793,793,285.076350,69,169,2
793,n794,794,336.123550,44,375,0
794,n795,795,303.121240,44,241,3
795,n796,796,361.092430,120,376,0
796,n797,797,378.118820,119,377,0
797,n798,798,383.074000,26,378,0
798,n799,799,399.048220,27,379,0
799,n800,800,897.389810,318,380,0
800,n801,801,568.239470,66,27,10
801,n802,802,573.194720,37,381,0
802,n803,803,273.076550,63,136,2
803,n804,804,273.105940,66,136,2
804,n805,805,623.197680,135,285,11
805,n806,806,645.179890,38,382,0
806,n807,807,203.034310,51,383,7
807,n808,808,371.146950,31,384,1
808,n809,809,305.102440,52,383,6
809,n810,810,247.097070,56,312,4
810,n811,811,555.343460,112,385,0
811,n812,812,360.108320,70,386,0
812,n813,813,423.290220,178,387,4
813,n814,814,459.311390,131,387,4
814,n815,815,800.443320,145,387,5
815,n816,816,805.398640,23,388,1
816,n817,817,199.988490,107,1,14
817,n818,818,309.087450,74,88,2
818,n819,819,342.264550,74,389,0
819,n820,820,259.097220,106,86,4
820,n821,821,355.152070,46,390,5
821,n822,822,257.081510,70,391,0
822,n823,823,277.178140,57,392,1
823,n824,824,303.116900,80,123,1
824,n825,825,371.146880,44,384,1
825,n826,826,243.102160,67,86,10
826,n827,827,315.159520,73,393,2
827,n828,828,253.170480,40,371,2
828,n829,829,219.065670,88,358,5
829,n830,830,291.123090,70,358,5
830,n831,831,331.115650,52,394,0
831,n832,832,287.154830,51,395,1
832,n833,833,308.222580,39,396,0
833,n834,834,715.327070,162,397,1
834,n835,835,567.350580,87,398,0
835,n836,836,589.332380,58,399,0
836,n837,837,634.305440,216,400,0
837,n838,838,715.327000,201,397,1
838,n839,839,189.055080,60,86,10
839,n840,840,243.102090,92,86,10
840,n841,841,261.112690,35,86,13
841,n842,842,303.123210,105,86,19
842,n843,843,343.115750,60,401,0
843,n844,844,315.159480,89,308,2
844,n845,845,355.151970,25,390,5
845,n846,846,934.410400,168,370,1
846,n847,847,517.204980,44,402,0
847,n848,848,728.398720,133,403,0
848,n849,849,423.290160,233,387,4
849,n850,850,441.300850,159,387,7
850,n851,851,459.311330,147,387,4
851,n852,852,621.364280,116,387,7
852,n853,853,643.346200,37,404,1
853,n854,854,317.175390,143,405,1
854,n855,855,506.312090,78,405,1
855,n856,856,489.285160,141,405,2
856,n857,857,511.267220,24,406,1
857,n858,858,588.284180,140,333,6
858,n859,859,167.013350,41,7,6
859,n860,860,713.341450,162,407,0
860,n861,861,735.323440,107,408,0
861,n862,862,177.055130,48,222,8
862,n863,863,405.279390,200,387,4
863,n864,864,423.290130,201,387,7
864,n865,865,800.443320,186,387,7
865,n866,866,805.398670,34,388,1
866,n867,867,277.170330,24,392,1
867,n868,868,161.060060,44,297,3
868,n869,869,203.107010,51,27,10
869,n870,870,245.117700,55,27,16
870,n871,871,263.128250,45,27,17
871,n872,872,281.138850,65,27,14
872,n873,873,298.165590,54,27,10
873,n874,874,303.120650,21,241,3
874,n875,875,458.254310,36,39,6
875,n876,876,274.143930,78,409,0
876,n877,877,504.296090,180,410,0
877,n878,878,209.044980,85,411,0
878,n879,879,271.060740,40,318,1
879,n880,880,401.157180,56,412,0
880,n881,881,508.327550,145,413,0
881,n882,882,816.438180,143,414,8
882,n883,883,421.274420,215,414,5
883,n884,884,439.285150,124,414,8
884,n885,885,821.393560,45,415,0
885,n886,886,273.076360,42,285,14
886,n887,887,221.190510,91,365,1
887,n888,888,279.193550,42,416,0
888,n889,889,189.055130,57,86,10
889,n890,890,243.102170,64,86,10
890,n891,891,261.112710,44,86,14
891,n892,892,291.186100,37,417,1
892,n893,893,310.165440,53,86,15
893,n894,894,800.444480,122,387,9
894,n895,895,233.165410,74,418,0
895,n896,896,284.212680,23,419,0
896,n897,897,650.354640,175,405,6
897,n898,898,351.215140,23,420,1
898,n899,899,162.091710,49,290,3
899,n900,900,395.146850,34,421,4
900,n901,901,355.153240,121,422,0
901,n902,902,976.457910,157,423,0
902,n903,903,471.275150,170,405,7
903,n904,904,511.267270,31,406,1
904,n905,905,441.300800,178,387,8
905,n906,906,405.279250,227,387,4
906,n907,907,423.290070,178,387,9
907,n908,908,638.390680,140,387,7
908,n909,909,643.346110,27,404,1
909,n910,910,131.049380,12,86,8
910,n911,911,175.039260,48,308,3
911,n912,912,187.039270,40,356,3
912,n913,913,189.054910,30,86,10
913,n914,914,201.054890,55,278,8
914,n915,915,215.070600,78,424,0
915,n916,916,243.101780,52,86,10
916,n917,917,261.112520,27,86,12
917,n918,918,278.139060,95,86,10
918,n919,919,283.094340,16,119,7
919,n920,920,284.128290,92,119,3
920,n921,921,299.068480,32,425,1
921,n922,922,306.170300,34,86,9
922,n923,923,543.199250,25,119,6
923,n924,924,315.159420,79,393,2
924,n925,925,489.285300,90,405,3
925,n926,926,277.107570,73,25,8
926,n927,927,294.134070,42,25,7
927,n928,928,299.089560,34,372,1
928,n929,929,205.050010,52,25,8
929,n930,930,191.070700,71,355,2
930,n931,931,395.146670,35,421,4
931,n932,932,858.318880,47,86,16
932,n933,933,355.152670,59,390,5
933,n934,934,315.159470,77,393,2
934,n935,935,498.249130,43,39,6
935,n936,936,231.149670,36,426,0
936,n937,937,246.243270,34,427,0
937,n938,938,473.290440,156,333,2
938,n939,939,490.316910,86,333,4
939,n940,940,495.272140,38,428,0
940,n941,941,189.054990,53,86,11
941,n942,942,203.070600,63,429,1
942,n943,943,245.117660,40,86,20
943,n944,944,263.128190,41,86,13
944,n945,945,285.110100,29,169,2
945,n946,946,659.341120,28,430,0
946,n947,947,421.274350,204,414,5
947,n948,948,439.285120,185,414,8
948,n949,949,457.295640,216,414,4
949,n950,950,654.385670,168,414,10
950,n951,951,261.110420,29,86,9
951,n952,952,405.279260,172,387,4
952,n953,953,135.117080,25,431,0
953,n954,954,153.127630,64,432,2
954,n955,955,163.039170,18,193,12
955,n956,956,175.039220,27,308,3
956,n957,957,187.039230,40,356,3
957,n958,958,189.054890,43,86,13
958,n959,959,199.039240,44,433,0
959,n960,960,201.054840,42,278,8
960,n961,961,213.054850,39,434,0
961,n962,962,255.101820,50,435,0
962,n963,963,297.148810,61,436,1
963,n964,964,315.159270,88,193,13
964,n965,965,333.169860,36,193,11
965,n966,966,355.151700,21,390,5
966,n967,967,371.125960,23,437,0
967,n968,968,687.314550,21,390,5
968,n969,969,350.196730,55,193,10
969,n970,970,302.139050,50,438,0
970,n971,971,241.133810,60,136,6
971,n972,972,277.216810,142,439,3
972,n973,973,295.227460,129,439,3
973,n974,974,351.214810,41,420,1
974,n975,975,348.275110,50,440,0
975,n976,976,353.230240,22,441,1
976,n977,977,453.264750,173,442,2
977,n978,978,493.256420,39,443,9
978,n979,979,261.110590,20,86,9
979,n980,980,199.988430,77,1,10
980,n981,981,261.112090,38,86,11
981,n982,982,258.149250,50,260,1
982,n983,983,395.146680,36,421,4
983,n984,984,271.097020,112,444,0
984,n985,985,625.255390,112,445,0
985,n986,986,203.107120,88,27,15
986,n987,987,263.128310,59,27,14
987,n988,988,281.153990,192,27,5
988,n989,989,299.164620,139,27,6
989,n990,990,341.211650,165,446,0
990,n991,991,435.253840,220,447,3
991,n992,992,453.264560,211,27,4
992,n993,993,471.274520,47,405,2
993,n994,994,488.301400,156,405,7
994,n995,995,175.112040,67,448,0
995,n996,996,253.159100,110,371,2
996,n997,997,263.143490,74,27,9
997,n998,998,313.216590,132,449,0
998,n999,999,323.201060,181,450,2
999,n1000,1000,399.232460,129,451,3
1000,n1001,1001,509.230620,28,452,4
1001,n1002,1002,417.243130,244,27,3
1002,n1003,1003,516.332570,54,405,8
1003,n1004,1004,493.256350,37,443,9
1004,n1005,1005,963.523340,20,443,9
1005,n1006,1006,288.159490,55,453,0
1006,n1007,1007,273.105920,87,136,4
1007,n1008,1008,170.081670,68,57,12
1008,n1009,1009,203.034200,45,383,7
1009,n1010,1010,395.146600,32,421,4
1010,n1011,1011,269.081220,71,362,1
1011,n1012,1012,395.223470,48,232,1
1012,n1013,1013,527.244400,32,454,0
1013,n1014,1014,377.280350,43,455,0
1014,n1015,1015,505.262220,189,456,0
1015,n1016,1016,355.152050,68,390,5
1016,n1017,1017,324.181060,41,86,14
1017,n1018,1018,431.076940,51,335,1
1018,n1019,1019,453.058740,29,457,0
1019,n1020,1020,185.107540,27,458,0
1020,n1021,1021,784.448060,74,459,4
1021,n1022,1022,407.294680,177,460,1
1022,n1023,1023,425.305380,221,459,5
1023,n1024,1024,443.316280,126,459,6
1024,n1025,1025,789.403560,39,461,0
1025,n1026,1026,306.170130,19,86,15
1026,n1027,1027,131.049340,14,86,4
1027,n1028,1028,161.059850,40,297,3
1028,n1029,1029,177.054840,32,222,9
1029,n1030,1030,187.039280,45,356,3
1030,n1031,1031,189.054780,55,86,11
1031,n1032,1032,201.054850,52,278,8
1032,n1033,1033,203.070430,85,429,1
1033,n1034,1034,217.086300,49,86,3
1034,n1035,1035,219.065390,71,358,5
1035,n1036,1036,230.081620,45,86,22
1036,n1037,1037,231.101720,61,86,3
1037,n1038,1038,243.101860,70,86,10
1038,n1039,1039,261.112190,50,86,15
1039,n1040,1040,278.138920,28,86,14
1040,n1041,1041,279.123080,36,86,13
1041,n1042,1042,283.094220,20,119,7
1042,n1043,1043,299.068370,24,425,1
1043,n1044,1044,538.243840,31,86,15
1044,n1045,1045,543.199040,29,119,7
1045,n1046,1046,421.274950,202,414,5
1046,n1047,1047,439.285110,175,414,6
1047,n1048,1048,572.289350,64,414,7
1048,n1049,1049,353.230280,33,441,1
1049,n1050,1050,158.154290,21,462,2
1050,n1051,1051,281.153990,116,27,5
1051,n1052,1052,399.232410,198,451,3
1052,n1053,1053,417.242970,198,27,3
1053,n1054,1054,493.256270,38,443,9
1054,n1055,1055,509.230610,28,452,4
1055,n1056,1056,171.080650,50,442,3
1056,n1057,1057,263.143430,86,27,9
1057,n1058,1058,299.164630,125,463,0
1058,n1059,1059,435.253740,216,447,3
1059,n1060,1060,453.264460,181,27,4
1060,n1061,1061,471.274700,68,405,1
1061,n1062,1062,488.301240,135,405,7
1062,n1063,1063,516.332550,68,405,3
1063,n1064,1064,941.541550,161,405,6
1064,n1065,1065,963.523220,24,443,9
1065,n1066,1066,305.190480,109,464,0
1066,n1067,1067,323.200970,140,450,2
1067,n1068,1068,555.227130,61,465,0
1068,n1069,1069,958.568230,50,405,6
1069,n1070,1070,1433.792360,17,443,9
1070,n1071,1071,250.178220,43,466,0
1071,n1072,1072,228.196330,115,467,0
1072,n1073,1073,294.243250,142,439,8
1073,n1074,1074,334.235590,19,468,1
1074,n1075,1075,299.164700,138,27,6
1075,n1076,1076,399.232430,229,451,3
1076,n1077,1077,417.243040,152,27,3
1077,n1078,1078,435.253830,158,447,3
1078,n1079,1079,509.230680,30,452,4
1079,n1080,1080,281.154070,131,27,5
1080,n1081,1081,453.264260,127,27,4
1081,n1082,1082,488.301170,90,27,3
1082,n1083,1083,493.256300,30,443,9
1083,n1084,1084,516.332570,59,405,2
1084,n1085,1085,201.054660,52,278,8
1085,n1086,1086,272.127970,39,469,0
1086,n1087,1087,294.110060,92,439,7
1087,n1088,1088,335.136490,29,468,1
1088,n1089,1089,153.127770,99,432,2
1089,n1090,1090,203.034270,47,383,7
1090,n1091,1091,337.143750,124,470,1
1091,n1092,1092,355.154020,64,383,6
1092,n1093,1093,395.146660,38,421,4
1093,n1094,1094,349.162640,27,471,0
1094,n1095,1095,203.106820,37,383,7
1095,n1096,1096,317.136420,22,472,0
1096,n1097,1097,294.243260,115,439,2
1097,n1098,1098,533.238600,319,473,1
1098,n1099,1099,550.265030,211,473,1
1099,n1100,1100,469.259530,117,474,0
1100,n1101,1101,473.217980,225,475,0
1101,n1102,1102,405.279220,219,387,4
1102,n1103,1103,423.289910,195,387,7
1103,n1104,1104,441.300680,202,387,10
1104,n1105,1105,459.311140,134,387,12
1105,n1106,1106,476.337790,100,387,11
1106,n1107,1107,481.293070,26,476,1
1107,n1108,1108,352.246380,59,477,0
1108,n1109,1109,421.274470,168,414,5
1109,n1110,1110,439.285190,174,414,8
1110,n1111,1111,457.295680,146,414,4
1111,n1112,1112,492.332500,127,414,9
1112,n1113,1113,497.288540,33,478,0
1113,n1114,1114,331.154460,77,479,0
1114,n1115,1115,353.136320,42,480,0
1115,n1116,1116,294.243350,117,439,4
1116,n1117,1117,979.497850,28,452,4
1117,n1118,1118,171.080670,55,442,2
1118,n1119,1119,235.112200,50,481,1
1119,n1120,1120,235.148470,51,481,1
1120,n1121,1121,249.128000,71,482,0
1121,n1122,1122,263.143440,101,27,9
1122,n1123,1123,281.154000,107,27,5
1123,n1124,1124,289.159050,90,75,2
1124,n1125,1125,371.237450,143,483,0
1125,n1126,1126,389.248050,172,484,0
1126,n1127,1127,399.232350,190,451,3
1127,n1128,1128,417.242990,104,27,4
1128,n1129,1129,435.253800,201,447,3
1129,n1130,1130,453.264310,195,27,6
1130,n1131,1131,471.274960,166,27,9
1131,n1132,1132,488.301140,79,27,10
1132,n1133,1133,493.256300,24,443,9
1133,n1134,1134,509.230750,29,452,4
1134,n1135,1135,512.301340,100,27,10
1135,n1136,1136,941.541470,199,27,4
1136,n1137,1137,958.567860,98,27,1
1137,n1138,1138,963.523090,25,443,9
1138,n1139,1139,267.174760,88,485,1
1139,n1140,1140,1433.792550,18,443,9
1140,n1141,1141,516.332630,55,405,2
1141,n1142,1142,168.066120,73,71,1
1142,n1143,1143,407.295150,160,460,1
1143,n1144,1144,425.305640,160,459,5
1144,n1145,1145,443.316680,86,459,6
1145,n1146,1146,304.176060,38,486,0
1146,n1147,1147,309.131390,35,88,1
1147,n1148,1148,158.154460,42,462,8
1148,n1149,1149,170.081540,40,57,15
1149,n1150,1150,263.128260,43,355,1
1150,n1151,1151,297.076310,117,487,0
1151,n1152,1152,455.279920,131,333,1
1152,n1153,1153,291.123160,66,358,5
1153,n1154,1154,199.988390,64,1,13
1154,n1155,1155,274.274390,35,488,0
1155,n1156,1156,274.143920,41,489,0
1156,n1157,1157,397.162180,37,490,0
1157,n1158,1158,294.243250,117,439,9
1158,n1159,1159,312.253670,109,439,7
1159,n1160,1160,334.235540,22,491,3
1160,n1161,1161,419.257960,231,333,9
1161,n1162,1162,437.268410,204,333,13
1162,n1163,1163,472.305660,146,333,16
1163,n1164,1164,477.260910,30,492,7
1164,n1165,1165,205.049910,59,25,8
1165,n1166,1166,277.107520,84,25,8
1166,n1167,1167,385.162370,44,493,0
1167,n1168,1168,795.476680,84,494,0
1168,n1169,1169,817.458620,68,495,0
1169,n1170,1170,288.158670,43,496,0
1170,n1171,1171,292.225980,102,497,4
1171,n1172,1172,419.257770,201,333,11
1172,n1173,1173,472.305680,155,333,13
1173,n1174,1174,334.235420,33,491,3
1174,n1175,1175,294.243400,126,439,5
1175,n1176,1176,312.253880,66,439,7
1176,n1177,1177,265.158750,105,333,1
1177,n1178,1178,401.247220,258,498,3
1178,n1179,1179,455.279190,89,333,5
1179,n1180,1180,477.260810,35,492,7
1180,n1181,1181,143.048860,16,499,0
1181,n1182,1182,159.043770,27,500,0
1182,n1183,1183,171.043700,48,501,0
1183,n1184,1184,173.059460,41,277,1
1184,n1185,1185,201.054150,33,278,8
1185,n1186,1186,308.124990,20,502,4
1186,n1187,1187,349.151380,22,502,4
1187,n1188,1188,135.043800,18,503,0
1188,n1189,1189,286.142840,71,504,3
1189,n1190,1190,571.278480,39,504,3
1190,n1191,1191,593.260290,19,502,4
1191,n1192,1192,878.396570,22,502,4
1192,n1193,1193,284.756830,107,504,3
1193,n1194,1194,287.538980,49,395,1
1194,n1195,1195,271.096950,71,505,0
1195,n1196,1196,298.142920,46,506,1
1196,n1197,1197,199.988260,68,1,13
1197,n1198,1198,437.268570,98,333,6
1198,n1199,1199,507.249780,179,507,0
1199,n1200,1200,453.262880,214,27,1
1200,n1201,1201,419.257380,274,333,10
1201,n1202,1202,437.268070,188,333,15
1202,n1203,1203,472.304890,188,333,16
1203,n1204,1204,477.260170,42,492,7
1204,n1205,1205,401.246730,238,498,3
1205,n1206,1206,455.278800,127,333,10
1206,n1207,1207,500.335930,81,508,2
1207,n1208,1208,163.039350,36,193,12
1208,n1209,1209,297.149010,98,436,1
1209,n1210,1210,337.141360,32,470,3
1210,n1211,1211,201.054220,54,278,8
1211,n1212,1212,286.143090,36,504,3
1212,n1213,1213,308.125040,39,502,4
1213,n1214,1214,199.988160,107,278,8
1214,n1215,1215,208.039640,64,7,6
1215,n1216,1216,419.257350,180,333,10
1216,n1217,1217,472.304940,116,333,10
1217,n1218,1218,477.260250,37,492,7
1218,n1219,1219,294.242960,120,439,6
1219,n1220,1220,334.235330,31,491,4
1220,n1221,1221,261.112490,35,86,14
1221,n1222,1222,292.226620,93,497,4
1222,n1223,1223,524.276360,140,509,0
1223,n1224,1224,336.251460,47,510,1
1224,n1225,1225,250.118860,36,511,0
1225,n1226,1226,292.227240,104,497,4
1226,n1227,1227,332.219780,33,512,2
1227,n1228,1228,163.039430,54,193,11
1228,n1229,1229,268.227310,102,513,0
1229,n1230,1230,290.209210,43,514,0
1230,n1231,1231,208.039650,40,7,6
1231,n1232,1232,395.362780,55,515,0
1232,n1233,1233,310.237780,129,497,1
1233,n1234,1234,332.219700,32,512,2
1234,n1235,1235,443.312000,144,459,6
1235,n1236,1236,443.315060,119,459,6
1236,n1237,1237,171.078560,47,442,3
1237,n1238,1238,221.093790,44,159,1
1238,n1239,1239,261.124710,63,86,9
1239,n1240,1240,263.140310,86,27,9
1240,n1241,1241,279.134980,73,516,0
1241,n1242,1242,291.171240,116,417,1
1242,n1243,1243,373.248710,155,517,1
1243,n1244,1244,383.232630,133,518,0
1244,n1245,1245,391.258820,133,519,0
1245,n1246,1246,401.243180,222,498,3
1246,n1247,1247,419.253690,320,333,9
1247,n1248,1248,437.264220,232,333,11
1248,n1249,1249,455.274340,110,333,7
1249,n1250,1250,472.300790,52,333,7
1250,n1251,1251,477.255920,20,492,7
1251,n1252,1252,486.316210,81,520,0
1252,n1253,1253,493.230070,30,521,1
1253,n1254,1254,496.300520,208,333,8
1254,n1255,1255,500.331430,109,508,2
1255,n1256,1256,909.540740,173,333,8
1256,n1257,1257,926.567350,82,333,6
1257,n1258,1258,931.522400,38,492,7
1258,n1259,1259,261.127040,50,86,9
1259,n1260,1260,263.142650,80,27,9
1260,n1261,1261,373.252030,149,517,1
1261,n1262,1262,401.246720,226,498,3
1262,n1263,1263,419.257400,232,333,9
1263,n1264,1264,437.268060,214,333,11
1264,n1265,1265,455.278370,73,333,7
1265,n1266,1266,472.304950,200,333,7
1266,n1267,1267,477.260120,28,492,7
1267,n1268,1268,493.234400,23,521,1
1268,n1269,1269,496.304890,168,333,8
1269,n1270,1270,500.335790,153,508,2
1270,n1271,1271,931.530810,26,492,7
1271,n1272,1272,227.069900,76,506,2
1272,n1273,1273,312.158750,54,506,1
1273,n1274,1274,268.227330,68,522,0
1274,n1275,1275,337.100920,36,523,0
1275,n1276,1276,153.127800,117,432,2
1276,n1277,1277,337.141000,34,470,2
1277,n1278,1278,337.105000,45,470,2
1278,n1279,1279,189.055000,48,86,10
1279,n1280,1280,245.117620,44,86,14
1280,n1281,1281,310.237840,127,497,3
1281,n1282,1282,332.219750,40,512,2
1282,n1283,1283,292.227180,82,497,2
1283,n1284,1284,350.230040,67,524,0
1284,n1285,1285,312.158890,58,506,2
1285,n1286,1286,292.225440,36,497,3
1286,n1287,1287,203.034290,34,383,7
1287,n1288,1288,271.096880,88,383,7
1288,n1289,1289,518.324700,62,525,1
1289,n1290,1290,292.225630,84,497,3
1290,n1291,1291,320.256180,19,526,6
1291,n1292,1292,263.237240,101,527,2
1292,n1293,1293,280.263720,98,528,10
1293,n1294,1294,334.235350,29,491,3
1294,n1295,1295,243.102050,106,86,10
1295,n1296,1296,261.112490,39,86,14
1296,n1297,1297,208.039780,45,7,6
1297,n1298,1298,280.263770,103,528,10
1298,n1299,1299,320.256260,19,526,6
1299,n1300,1300,421.269110,188,414,5
1300,n1301,1301,456.305960,152,414,13
1301,n1302,1302,296.258780,96,529,6
1302,n1303,1303,318.240700,16,530,7
1303,n1304,1304,437.268000,167,333,10
1304,n1305,1305,437.263900,94,333,10
1305,n1306,1306,280.263740,106,528,10
1306,n1307,1307,320.256230,27,526,6
1307,n1308,1308,520.339400,56,531,9
1308,n1309,1309,330.337000,64,532,0
1309,n1310,1310,340.190180,78,533,0
1310,n1311,1311,318.240640,24,530,7
1311,n1312,1312,296.258690,102,529,8
1312,n1313,1313,186.149220,74,534,1
1313,n1314,1314,220.131190,33,366,2
1314,n1315,1315,336.251150,29,366,2
1315,n1316,1316,341.316450,56,529,4
1316,n1317,1317,279.232160,144,529,5
1317,n1318,1318,296.258630,79,529,6
1318,n1319,1319,318.240520,18,530,7
1319,n1320,1320,280.263680,111,528,10
1320,n1321,1321,186.149210,50,534,1
1321,n1322,1322,336.251240,39,510,1
1322,n1323,1323,542.322060,58,535,0
1323,n1324,1324,520.339300,37,531,1
1324,n1325,1325,172.133500,62,284,1
1325,n1326,1326,359.327170,70,530,7
1326,n1327,1327,419.253830,185,333,9
1327,n1328,1328,437.264160,75,333,12
1328,n1329,1329,459.245940,38,536,1
1329,n1330,1330,419.257340,137,333,9
1330,n1331,1331,437.267880,72,333,12
1331,n1332,1332,459.249790,39,536,1
1332,n1333,1333,482.325780,90,333,10
1333,n1334,1334,280.263810,146,528,9
1334,n1335,1335,336.251200,48,17,2
1335,n1336,1336,279.232130,109,529,2
1336,n1337,1337,318.240500,18,530,7
1337,n1338,1338,341.316460,53,529,5
1338,n1339,1339,251.237140,64,537,0
1339,n1340,1340,334.214390,27,491,1
1340,n1341,1341,296.258630,95,529,7
1341,n1342,1342,496.339870,32,531,9
1342,n1343,1343,425.267870,79,135,2
1343,n1344,1344,425.264060,53,135,1
1344,n1345,1345,439.279700,59,485,1
1345,n1346,1346,279.232160,131,529,7
1346,n1347,1347,296.258660,95,529,10
1347,n1348,1348,318.240540,23,530,7
1348,n1349,1349,341.316500,71,529,3
1349,n1350,1350,320.256320,34,526,6
1350,n1351,1351,344.221470,81,538,0
1351,n1352,1352,298.274400,89,528,3
1352,n1353,1353,318.240670,54,530,7
1353,n1354,1354,518.322180,38,539,0
1354,n1355,1355,277.213400,124,439,3
1355,n1356,1356,295.223790,80,439,4
1356,n1357,1357,496.339120,47,531,1
1357,n1358,1358,280.263800,112,528,10
1358,n1359,1359,320.256330,25,526,6
1359,n1360,1360,318.240660,26,530,7
1360,n1361,1361,296.258790,112,529,3
1361,n1362,1362,280.263720,71,528,10
1362,n1363,1363,298.274290,65,528,3
1363,n1364,1364,320.256160,17,526,6
1364,n1365,1365,343.332020,72,528,1
1365,n1366,1366,263.237200,99,527,2
1366,n1367,1367,245.226580,83,540,1
1367,n1368,1368,299.258450,115,528,4
1368,n1369,1369,339.300870,110,541,0
1369,n1370,1370,358.368220,32,542,0
1370,n1371,1371,156.138700,80,543,0
1371,n1372,1372,245.226830,80,540,1
1372,n1373,1373,522.354970,57,544,0
1373,n1374,1374,263.237210,87,527,2
1374,n1375,1375,280.263700,82,528,11
1375,n1376,1376,298.274310,80,528,13
1376,n1377,1377,320.256170,22,526,6
1377,n1378,1378,343.332040,89,528,10
1378,n1379,1379,228.232590,82,545,0
1379,n1380,1380,163.038840,25,193,12
1380,n1381,1381,299.163690,57,193,12
1381,n1382,1382,254.248250,65,546,0
1382,n1383,1383,512.416400,51,547,4
1383,n1384,1384,468.384690,39,548,6
1384,n1385,1385,468.390360,39,548,6
1385,n1386,1386,424.363910,38,549,1
1386,n1387,1387,424.358790,34,549,1
1387,n1388,1388,380.337410,41,102,5
1388,n1389,1389,146.980730,18,550,0
1389,n1390,1390,436.337880,33,57,11
1390,n1391,1391,280.263950,105,528,10
1391,n1392,1392,524.370310,54,525,1
1392,n1393,1393,614.484890,49,551,0
1393,n1394,1394,482.405920,40,548,6
1394,n1395,1395,482.400170,48,548,6
1395,n1396,1396,438.379800,37,320,4
1396,n1397,1397,526.431980,48,547,4
1397,n1398,1398,394.348380,36,102,5
1398,n1399,1399,438.374570,50,320,4
1399,n1400,1400,570.451400,36,552,1
1400,n1401,1401,394.353080,31,102,5
1401,n1402,1402,570.458130,47,552,1
1402,n1403,1403,350.322970,28,57,5
1403,n1404,1404,350.327130,35,57,7
1404,n1405,1405,526.425770,41,547,4
1405,n1406,1406,468.342630,98,553,0
1406,n1407,1407,323.199120,29,450,2
1407,n1408,1408,346.275040,28,554,0
1408,n1409,1409,256.263890,28,555,0
1409,n1410,1410,265.255510,95,556,0
1410,n1411,1411,304.264300,26,557,0
1411,n1412,1412,282.281840,76,558,9
1412,n1413,1413,496.415880,46,548,6
1413,n1414,1414,496.423180,51,548,6
1414,n1415,1415,780.555580,43,531,8
1415,n1416,1416,452.398780,44,320,4
1416,n1417,1417,452.396970,44,320,4
1417,n1418,1418,496.425150,55,548,6
1418,n1419,1419,540.451650,73,547,4
1419,n1420,1420,540.449470,56,547,4
1420,n1421,1421,355.066360,79,559,10
1421,n1422,1422,371.097560,57,559,11
1422,n1423,1423,554.170130,66,559,11
1423,n1424,1424,559.125340,42,560,2
1424,n1425,1425,582.200910,38,559,4
1425,n1426,1426,371.104550,66,559,12
1426,n1427,1427,355.073050,66,559,15
1427,n1428,1428,554.180520,61,559,11
1428,n1429,1429,559.135880,28,560,2
1429,n1430,1430,355.071720,77,559,13
1430,n1431,1431,371.103160,86,559,11
1431,n1432,1432,554.178400,64,559,11
1432,n1433,1433,559.133730,44,560,2
1433,n1434,1434,582.209580,37,559,1
1434,n1435,1435,879.649030,36,561,0
1435,n1436,1436,548.447770,82,562,9
1436,n1437,1437,334.313720,67,563,0
1437,n1438,1438,338.343470,98,564,1
1438,n1439,1439,565.571570,67,565,4
1439,n1440,1440,559.512030,44,566,7
1440,n1441,1441,615.573940,48,567,6
1441,n1442,1442,559.522460,51,566,7
1442,n1443,1443,587.554340,70,568,7
1443,n1444,1444,615.585290,44,567,6
1444,n1445,1445,758.574450,67,531,8
1445,n1446,1446,615.582980,38,567,6
1446,n1447,1447,756.555690,36,531,8
1447,n1448,1448,778.537580,81,569,0
1448,n1449,1449,782.570790,33,531,8
1449,n1450,1450,804.552960,98,570,0
1450,n1451,1451,808.586250,37,531,8
1451,n1452,1452,885.554460,97,571,3
1452,n1453,1453,907.536550,62,572,2
1453,n1454,1454,451.307420,57,573,0
1454,n1455,1455,535.275090,74,574,0
1455,n1456,1456,593.600350,60,575,10
1456,n1457,1457,593.602710,42,575,10
1457,n1458,1458,615.585430,38,567,6
1458,n1459,1459,593.591700,50,575,10
1459,n1460,1460,638.649730,39,575,10
1460,n1461,1461,284.297460,49,576,0
1461,n1462,1462,382.370440,50,577,0
1462,n1463,1463,310.313320,80,575,9
1463,n1464,1464,615.371130,64,567,4
1464,n1465,1465,610.178280,91,559,10
1465,n1466,1466,347.302310,122,578,1
1466,n1467,1467,347.309440,127,578,1
1467,n1468,1468,610.187990,72,559,10
1468,n1469,1469,396.386930,44,579,0
1469,n1470,1470,503.389590,125,562,9
1470,n1471,1471,525.371680,47,580,1
1471,n1472,1472,355.066460,75,559,15
1472,n1473,1473,371.097700,81,559,12
1473,n1474,1474,628.188470,100,559,12
1474,n1475,1475,656.219640,45,559,7
1475,n1476,1476,355.073040,59,559,14
1476,n1477,1477,355.071630,93,559,12
1477,n1478,1478,371.103080,60,559,14
1478,n1479,1479,548.447580,84,562,9
1479,n1480,1480,628.197570,104,559,12
1480,n1481,1481,656.229120,30,559,8
1481,n1482,1482,371.104560,75,559,17
1482,n1483,1483,628.200130,86,559,11
1483,n1484,1484,596.189120,84,581,0
1484,n1485,1485,124.085990,31,68,14
1485,n1486,1486,310.313340,55,575,9
1486,n1487,1487,124.088120,27,68,11
1487,n1488,1488,819.670000,41,582,0
1488,n1489,1489,362.345500,78,583,0
1489,n1490,1490,126.104100,37,584,9
1490,n1491,1491,151.099490,113,57,6
1491,n1492,1492,153.115340,104,60,10
1492,n1493,1493,124.087760,26,68,14
1493,n1494,1494,226.953580,28,585,2
1494,n1495,1495,617.381820,53,586,0
1495,n1496,1496,640.457990,87,193,3
1496,n1497,1497,126.103060,41,584,9
1497,n1498,1498,226.949710,45,585,2
1498,n1499,1499,158.154480,52,462,7
1499,n1500,1500,565.561810,49,565,4
1500,n1501,1501,661.372300,22,587,0
1501,n1502,1502,559.513950,38,566,7
1502,n1503,1503,587.545220,30,568,7
1503,n1504,1504,615.580900,47,567,5
1504,n1505,1505,163.098270,103,153,10
1505,n1506,1506,563.502430,65,588,0
1506,n1507,1507,756.556090,38,531,8
1507,n1508,1508,777.550110,76,589,0
1508,n1509,1509,782.571310,61,531,8
1509,n1510,1510,615.460350,51,567,5
1510,n1511,1511,503.389350,85,562,9
1511,n1512,1512,537.537480,41,558,9
1512,n1513,1513,282.279750,52,558,9
1513,n1514,1514,124.087410,30,68,14
1514,n1515,1515,235.052330,57,315,1
1515,n1516,1516,587.550640,32,568,7
1516,n1517,1517,559.519210,42,566,7
1517,n1518,1518,476.329810,69,315,3
1518,n1519,1519,347.177700,40,315,4
1519,n1520,1520,403.240290,59,315,3
1520,n1521,1521,459.303010,35,315,3
1521,n1522,1522,481.285190,27,476,1
1522,n1523,1523,151.098270,110,57,7
1523,n1524,1524,504.360560,107,562,9
1524,n1525,1525,593.598740,67,575,10
1525,n1526,1526,291.114920,31,315,3
1526,n1527,1527,153.113940,124,60,10
1527,n1528,1528,537.532400,53,558,9
1528,n1529,1529,149.082670,31,590,3
1529,n1530,1530,165.114020,125,68,10
1530,n1531,1531,769.548360,72,591,0
1531,n1532,1532,176.106170,97,69,9
1532,n1533,1533,163.098280,87,153,10
1533,n1534,1534,628.589810,57,592,0
1534,n1535,1535,747.535000,81,593,0
1535,n1536,1536,126.103020,34,584,9
1536,n1537,1537,559.518340,36,566,7
1537,n1538,1538,338.342300,100,564,1
1538,n1539,1539,323.306220,47,594,0
1539,n1540,1540,410.318150,138,595,0
1540,n1541,1541,725.521980,85,596,0
1541,n1542,1542,138.102880,27,597,7
1542,n1543,1543,153.113890,116,60,10
1543,n1544,1544,151.098180,98,57,7
1544,n1545,1545,703.508860,121,598,0
1545,n1546,1546,158.154310,57,462,7
1546,n1547,1547,140.082130,25,599,6
1547,n1548,1548,537.536140,47,558,9
1548,n1549,1549,144.982510,22,600,0
1549,n1550,1550,146.980660,23,601,0
1550,n1551,1551,962.636270,88,602,0
1551,n1552,1552,659.483300,94,603,0
1552,n1553,1553,176.106090,83,69,8
1553,n1554,1554,702.214550,91,559,11
1554,n1555,1555,163.098150,86,153,10
1555,n1556,1556,637.469560,94,604,0
1556,n1557,1557,355.070500,53,559,12
1557,n1558,1558,371.101860,60,559,19
1558,n1559,1559,429.089980,72,605,0
1559,n1560,1560,707.169770,99,606,13
1560,n1561,1561,615.456700,90,607,0
1561,n1562,1562,583.530980,86,608,0
1562,n1563,1563,605.513480,22,609,0
1563,n1564,1564,1348.888150,37,610,3
1564,n1565,1565,681.484760,87,611,0
1565,n1566,1566,793.528500,21,612,0
1566,n1567,1567,726.463300,19,610,3
1567,n1568,1568,1371.964430,40,606,8
1568,n1569,1569,706.495970,75,606,14
1569,n1570,1570,1347.884250,30,610,3
1570,n1571,1571,593.442640,118,575,6
1571,n1572,1572,495.266890,59,606,7
1572,n1573,1573,551.329000,56,606,8
1573,n1574,1574,701.410430,49,559,8
1574,n1575,1575,439.204150,54,613,0
1575,n1576,1576,607.391960,48,606,9
1576,n1577,1577,708.512020,50,606,14
1577,n1578,1578,1325.902550,38,606,10
1578,n1579,1579,1342.929750,33,606,10
1579,n1580,1580,663.454410,41,606,13
1580,n1581,1581,680.481330,31,606,14
1581,n1582,1582,685.436630,28,610,3
1582,n1583,1583,1370.961160,30,606,10
1583,n1584,1584,1326.906340,48,606,12
1584,n1585,1585,1343.932960,40,606,10
1585,n1586,1586,736.544000,36,614,0
1586,n1587,1587,694.496280,60,606,14
1587,n1588,1588,124.087300,20,68,13
1588,n1589,1589,149.082570,26,590,3
1589,n1590,1590,493.379800,51,615,0
1590,n1591,1591,140.082140,36,599,6
1591,n1592,1592,163.098160,81,153,8
1592,n1593,1593,571.429420,90,616,0
1593,n1594,1594,136.087160,35,617,10
1594,n1595,1595,126.103020,39,584,9
1595,n1596,1596,153.113860,108,60,9
1596,n1597,1597,138.102960,36,597,7
1597,n1598,1598,503.389050,93,562,9
1598,n1599,1599,504.360880,80,618,0
1599,n1600,1600,548.447660,81,562,9
1600,n1601,1601,525.372120,34,580,1
1601,n1602,1602,176.106140,93,69,8
1602,n1603,1603,541.422910,50,619,0
1603,n1604,1604,158.154370,48,462,7
1604,n1605,1605,140.082190,25,599,6
1605,n1606,1606,593.381420,68,620,0
1606,n1607,1607,126.103040,53,584,9
1607,n1608,1608,153.113900,134,60,9
1608,n1609,1609,158.154420,69,462,7
1609,n1610,1610,226.951970,36,585,2
1610,n1611,1611,593.598760,58,575,10
1611,n1612,1612,896.773530,86,621,0
1612,n1613,1613,138.102980,43,597,7
1613,n1614,1614,165.113950,122,68,10
1614,n1615,1615,559.518010,33,566,7
1615,n1616,1616,587.549170,40,568,7
1616,n1617,1617,161.082620,76,147,8
1617,n1618,1618,163.098230,98,153,8
1618,n1619,1619,140.082230,29,599,6
1619,n1620,1620,689.402890,34,622,0
1620,n1621,1621,667.421050,86,222,9
1621,n1622,1622,167.093250,132,164,7
1622,n1623,1623,122.071770,36,623,2
1623,n1624,1624,136.087280,40,617,10
1624,n1625,1625,647.524880,26,624,0
1625,n1626,1626,151.098230,90,57,8
1626,n1627,1627,153.113880,143,60,9
1627,n1628,1628,158.154290,81,462,7
1628,n1629,1629,502.498680,111,625,1
1629,n1630,1630,893.556410,57,626,0
1630,n1631,1631,871.573900,89,627,0
1631,n1632,1632,126.103020,46,584,9
1632,n1633,1633,433.311170,157,628,0
1633,n1634,1634,128.118650,50,629,4
1634,n1635,1635,126.103040,43,584,9
1635,n1636,1636,151.098240,93,57,9
1636,n1637,1637,138.102970,33,597,7
1637,n1638,1638,149.082640,33,590,3
1638,n1639,1639,153.113910,112,60,10
1639,n1640,1640,165.113980,109,68,10
1640,n1641,1641,122.071770,43,623,2
1641,n1642,1642,135.079490,52,617,10
1642,n1643,1643,136.087310,48,617,10
1643,n1644,1644,161.082630,92,147,8
1644,n1645,1645,167.093210,112,164,7
1645,n1646,1646,140.082230,30,599,6
1646,n1647,1647,176.106150,82,69,8
1647,n1648,1648,179.093210,123,108,4
1648,n1649,1649,163.098210,75,153,10
1649,n1650,1650,128.118680,29,629,4
1650,n1651,1651,176.106110,83,69,8
1651,n1652,1652,167.129620,146,164,7
1652,n1653,1653,124.087390,20,68,14
1653,n1654,1654,901.545890,201,630,0
1654,n1655,1655,368.388990,43,631,0
1655,n1656,1656,135.079490,40,617,10
1656,n1657,1657,435.327090,119,632,1
1657,n1658,1658,202.109150,115,147,7
1658,n1659,1659,122.071760,43,623,2
1659,n1660,1660,163.098210,73,153,10
1660,n1661,1661,161.082590,98,147,8
1661,n1662,1662,655.491270,31,633,0
1662,n1663,1663,503.389810,107,562,9
1663,n1664,1664,140.082210,25,599,6
1664,n1665,1665,1771.107750,107,571,3
1665,n1666,1666,885.553310,98,571,3
1666,n1667,1667,907.535400,44,572,2
1667,n1668,1668,923.510440,78,634,0
1668,n1669,1669,776.233040,91,559,10
1669,n1670,1670,355.070400,65,559,12
1670,n1671,1671,158.154370,66,462,8
1671,n1672,1672,703.419370,48,635,0
1672,n1673,1673,167.093230,122,164,7
1673,n1674,1674,135.079490,35,617,10
1674,n1675,1675,151.098240,91,57,8
1675,n1676,1676,176.106140,74,69,8
1676,n1677,1677,179.093180,111,108,4
1677,n1678,1678,167.129570,141,164,7
1678,n1679,1679,503.389060,103,562,9
1679,n1680,1680,128.118670,43,629,4
1680,n1681,1681,126.103020,44,584,9
1681,n1682,1682,138.102940,34,597,7
1682,n1683,1683,153.113870,109,60,10
1683,n1684,1684,165.113940,107,68,14
1684,n1685,1685,696.541500,117,636,0
1685,n1686,1686,736.534490,37,637,1
1686,n1687,1687,176.106140,84,69,8
1687,n1688,1688,748.616080,184,638,0
1688,n1689,1689,435.326720,83,632,1
1689,n1690,1690,158.154350,66,462,7
1690,n1691,1691,167.093170,108,164,7
1691,n1692,1692,128.118640,33,629,4
1692,n1693,1693,138.102940,35,597,7
1693,n1694,1694,151.098240,91,57,9
1694,n1695,1695,163.098200,80,153,8
1695,n1696,1696,202.109160,95,147,7
1696,n1697,1697,736.534740,31,637,1
1697,n1698,1698,799.533180,83,639,0
1698,n1699,1699,885.553920,100,571,3
1699,n1700,1700,161.082580,86,147,8
1700,n1701,1701,907.534780,70,572,2
1701,n1702,1702,740.510590,34,222,9
1702,n1703,1703,126.103060,49,584,9
1703,n1704,1704,153.113920,148,60,10
1704,n1705,1705,136.087240,32,617,10
1705,n1706,1706,176.106150,95,69,9
1706,n1707,1707,695.452270,72,222,9
1707,n1708,1708,717.434090,30,640,0
1708,n1709,1709,135.079480,36,617,10
1709,n1710,1710,128.118590,23,629,4
1710,n1711,1711,587.548630,32,568,7
1711,n1712,1712,309.326840,29,575,9
1712,n1713,1713,603.522790,39,641,0
1713,n1714,1714,565.566760,47,565,4
1714,n1715,1715,1130.127890,39,565,4
1715,n1716,1716,1152.110380,26,568,7
1716,n1717,1717,610.625280,55,565,4
1717,n1718,1718,310.310770,28,575,9
1718,n1719,1719,179.093000,132,108,4
1719,n1720,1720,136.087100,36,617,10
1720,n1721,1721,587.548550,26,568,7
1721,n1722,1722,502.498360,96,625,1
1722,n1723,1723,1194.819640,73,642,0
1723,n1724,1724,137.082400,24,597,7
1724,n1725,1725,202.109060,98,147,8
1725,n1726,1726,135.079380,40,617,10
1726,n1727,1727,176.106040,91,69,9
1727,n1728,1728,149.082530,25,590,3
1728,n1729,1729,167.093090,139,164,7
1729,n1730,1730,140.082080,17,599,6
1730,n1731,1731,124.087290,28,68,14
1731,n1732,1732,165.113820,121,68,10
1732,n1733,1733,148.087220,21,643,0
1733,n1734,1734,161.082500,89,147,6
1734,n1735,1735,163.098120,69,153,9
1735,n1736,1736,1124.078590,26,568,7
1736,n1737,1737,136.087180,35,617,10
1737,n1738,1738,582.593280,33,558,9
1738,n1739,1739,503.389750,81,562,9
1739,n1740,1740,126.102930,47,584,9
1740,n1741,1741,138.102840,36,597,7
1741,n1742,1742,299.306150,33,558,9
1742,n1743,1743,282.279480,22,558,9
1743,n1744,1744,281.295520,30,558,9
1744,n1745,1745,559.517570,24,566,7
1745,n1746,1746,575.491200,47,644,0
1746,n1747,1747,1074.065120,31,558,9
1747,n1748,1748,153.113770,121,60,9
1748,n1749,1749,1096.047220,23,566,7
